A	1	0	200	278.687	4063232	240.2
A	1	3	200	243.768	4063232	231.3
A	1	6	200	293.315	4063232	283.1
A	1	9	200	396.533	4063232	385.4
A	1	11	200	249.637	4063232	238.6
A	1	14	200	261.561	4063232	251.2
A	1	17	200	245.05	4063232	237.2
A	1	20	200	256.417	4063232	245.3
A	1	23	200	265.211	4063232	246.3
A	1	26	200	263.86	4063232	232.7
A	1	29	200	249.714	4063232	238.2
A	1	31	200	251.156	4063232	240.4
A	1	34	200	254.71	4063232	231.6
A	1	37	200	243.39	4063232	233.1
A	1	40	200	264.416	4063232	254.2
A	1	43	200	265.341	4063232	233.2
A	1	46	200	236.791	4063232	226.7
A	1	49	200	254.536	4063232	244.5
A	1	51	200	255.573	4063232	233.2
A	1	54	200	240.006	4063232	229.7
A	1	57	200	251.993	4063232	241.8
A	1	60	200	264.011	4063232	240.5
A	1	63	200	247.407	4063232	236.5
A	1	66	200	262.359	4063232	251.6
A	1	69	200	261.774	4063232	235.6
A	1	71	200	252.141	4063232	241.8
A	1	74	200	254.536	4063232	244.5
A	1	77	200	259.415	4063232	236.9
A	1	80	200	249.458	4063232	238.3
A	1	83	200	264.341	4063232	252.1
A	1	86	200	263.797	4063232	239.2
A	1	89	200	246.228	4063232	235.1
A	1	91	200	257.22	4063232	246.1
A	1	94	200	256.534	4063232	233.1
A	1	97	200	235.322	4063232	224.7
A	1	100	200	255.155	4063232	244.4
A	1	103	200	245.594	4063232	222.2
A	1	106	200	243.126	4063232	232.3
A	1	109	200	257.653	4063232	246.8
A	1	111	200	288.469	4063232	234.0
A	1	114	200	237.697	4063232	227.1
A	1	117	200	381.374	4063232	370.5
A	1	120	200	240.923	4063232	230.2
A	1	123	200	247.974	4063232	235.9
A	1	126	200	259.713	4063232	248.9
A	1	129	200	242.686	4063232	232.0
A	1	131	200	259.604	4063232	248.6
A	1	134	200	254.75	4063232	232.0
A	1	137	200	244.241	4063232	230.3
A	1	140	200	252.997	4063232	241.9
A	1	143	200	261.607	4063232	238.4
A	1	146	200	243.056	4063232	232.2
A	1	149	200	254.786	4063232	243.7
A	1	151	200	256.311	4063232	233.2
A	1	154	200	243.27	4063232	232.5
A	1	157	200	250.603	4063232	239.7
A	1	160	200	260.87	4063232	237.8
A	1	163	200	248.801	4063232	237.9
A	1	166	200	258.096	4063232	247.2
A	1	169	200	257.203	4063232	234.0
A	1	171	200	242.029	4063232	231.2
A	1	174	200	257.55	4063232	246.5
A	1	177	200	255.156	4063232	229.3
A	1	180	200	245.122	4063232	234.0
