B	1	0	200	220.16	4063232	201.2
B	1	3	200	196.394	4063232	173.2
B	1	6	200	183.934	4063232	173.2
B	1	9	200	196.147	4063232	185.4
B	1	11	200	194.888	4063232	184.1
B	1	14	200	185.118	4063232	174.3
B	1	17	200	197.029	4063232	186.1
B	1	20	200	196.639	4063232	185.6
B	1	23	200	183.382	4063232	172.3
B	1	26	200	196.187	4063232	185.3
B	1	29	200	197.715	4063232	186.5
B	1	31	200	192.608	4063232	172.9
B	1	34	200	182.67	4063232	172.1
B	1	37	200	195.441	4063232	185.4
B	1	40	200	223.435	4063232	172.1
B	1	43	200	182.222	4063232	172.1
B	1	46	200	312.069	4063232	302.0
B	1	49	200	180.826	4063232	170.6
B	1	51	200	183.485	4063232	173.6
B	1	54	200	185.845	4063232	173.7
B	1	57	200	186.958	4063232	175.0
B	1	60	200	198.063	4063232	187.4
B	1	63	200	183.155	4063232	172.4
B	1	66	200	213.269	4063232	201.9
B	1	69	200	185.195	4063232	172.8
B	1	71	200	195.995	4063232	185.2
B	1	74	200	211.542	4063232	189.4
B	1	77	200	184.526	4063232	173.8
B	1	80	200	199.202	4063232	188.5
B	1	83	200	196.437	4063232	173.5
B	1	86	200	184.319	4063232	173.6
B	1	89	200	196.899	4063232	186.1
B	1	91	200	195.091	4063232	172.1
B	1	94	200	186.21	4063232	175.3
B	1	97	200	196.638	4063232	185.7
B	1	100	200	195.15	4063232	172.0
B	1	103	200	185.62	4063232	174.9
B	1	106	200	197.458	4063232	186.5
B	1	109	200	195.703	4063232	171.7
B	1	111	200	186.209	4063232	175.5
B	1	114	200	196.106	4063232	185.4
B	1	117	200	195.179	4063232	171.5
B	1	120	200	184.046	4063232	173.3
B	1	123	200	196.555	4063232	185.7
B	1	126	200	196.268	4063232	173.3
B	1	129	200	183.143	4063232	172.5
B	1	131	200	196.37	4063232	185.4
B	1	134	200	196.393	4063232	173.6
B	1	137	200	185.347	4063232	172.4
B	1	140	200	197.77	4063232	187.2
B	1	143	200	194.553	4063232	171.8
B	1	146	200	183.252	4063232	172.8
B	1	149	200	196.271	4063232	185.8
B	1	151	200	194.554	4063232	171.8
B	1	154	200	184.783	4063232	174.3
B	1	157	200	195.842	4063232	185.3
B	1	160	200	194.484	4063232	171.8
B	1	163	200	185.03	4063232	174.6
B	1	166	200	223.905	4063232	213.3
B	1	169	200	307.606	4063232	172.5
B	1	171	200	183.255	4063232	172.8
B	1	174	200	183.773	4063232	173.0
B	1	177	200	183.834	4063232	172.5
B	1	180	200	182.494	4063232	171.8
