C	16	0	200	3185.74	4063232	3134.2
C	16	3	200	3195.44	4063232	3143.4
C	16	6	200	3200.21	4063232	3150.9
C	16	9	200	3217.91	4063232	3157.6
C	16	11	200	3226.42	4063232	3177.3
C	16	14	200	3234.67	4063232	3185.0
C	16	17	200	3242.59	4063232	3191.9
C	16	20	200	3251.4	4063232	3199.7
C	16	23	200	3260.12	4063232	3207.7
C	16	26	200	3281.28	4063232	3215.7
C	16	29	200	3295.56	4063232	3235.7
C	16	31	200	3303.94	4063232	3242.8
C	16	34	200	3308.16	4063232	3249.9
C	16	37	200	3313.23	4063232	3256.6
C	16	40	200	3322.11	4063232	3243.5
C	16	43	200	3331.03	4063232	3252.1
C	16	46	200	3414.59	4063232	3259.0
C	16	49	200	3413.91	4063232	3254.4
C	16	51	200	3417.02	4063232	3262.5
C	16	54	200	3408.39	4063232	3270.9
C	16	57	200	3408.95	4063232	3279.7
C	16	60	200	3410.11	4063232	3288.1
C	16	63	200	3412.03	4063232	3296.8
C	16	66	200	3413.14	4063232	3305.9
C	16	69	200	3413.79	4063232	3315.1
C	16	71	200	3401.78	4063232	3313.2
C	16	74	200	3409.57	4063232	3321.7
C	16	77	200	3408.84	4063232	3341.9
C	16	80	200	3412.57	4063232	3349.6
C	16	83	200	3415.94	4063232	3357.4
C	16	86	200	3415.47	4063232	3365.2
C	16	89	200	3414.96	4063232	3373.0
C	16	91	200	3318.4	4063232	3157.4
C	16	94	200	3314.58	4063232	3164.6
C	16	97	200	3310.98	4063232	3171.6
C	16	100	200	3310.05	4063232	3179.3
C	16	103	200	3321.94	4063232	3187.3
C	16	106	200	3321.11	4063232	3207.6
C	16	109	200	3319.7	4063232	3203.2
C	16	111	200	3319.27	4063232	3210.6
C	16	114	200	3317.21	4063232	3218.1
C	16	117	200	3316.19	4063232	3225.7
C	16	120	200	3302.1	4063232	3233.5
C	16	123	200	3315.59	4063232	3241.3
C	16	126	200	3316.56	4063232	3261.6
C	16	129	200	3317.36	4063232	3269.9
C	16	131	200	3318.06	4063232	3278.2
C	16	134	200	3319.44	4063232	3286.5
C	16	137	200	3418.41	4063232	3263.2
C	16	140	200	3418.53	4063232	3270.4
C	16	143	200	3424.07	4063232	3277.3
C	16	146	200	3424.2	4063232	3272.9
C	16	149	200	3411.77	4063232	3280.7
C	16	151	200	3411.57	4063232	3288.6
C	16	154	200	3413.07	4063232	3296.3
C	16	157	200	3411.78	4063232	3305.4
C	16	160	200	3412.88	4063232	3313.1
C	16	163	200	3412.99	4063232	3320.8
C	16	166	200	3426.55	4063232	3328.4
C	16	169	200	3414.09	4063232	3349.0
C	16	171	200	3412.92	4063232	3356.5
C	16	174	200	3411.87	4063232	3353.3
C	16	177	200	3411.12	4063232	3361.1
C	16	180	200	3412.44	4063232	3370.0
