C_h1	16	0	200	3223.89	4063232	3177.3
C_h1	16	3	200	3231.71	4063232	3182.8
C_h1	16	6	200	3236.09	4063232	3188.5
C_h1	16	9	200	3239.75	4063232	3193.8
C_h1	16	11	200	3243.59	4063232	3199.3
C_h1	16	14	200	3262.93	4063232	3204.8
C_h1	16	17	200	3269.15	4063232	3222.3
C_h1	16	20	200	3275.15	4063232	3207.9
C_h1	16	23	200	3284.24	4063232	3213.5
C_h1	16	26	200	3291.99	4063232	3220.6
C_h1	16	29	200	3312.82	4063232	3227.6
C_h1	16	31	200	3328.24	4063232	3246.8
C_h1	16	34	200	3334.53	4063232	3252.9
C_h1	16	37	200	3337.59	4063232	3259.5
C_h1	16	40	200	3341.62	4063232	3266.7
C_h1	16	43	200	3349.36	4063232	3273.9
C_h1	16	46	200	3410.75	4063232	3274.8
C_h1	16	49	200	3411.98	4063232	3282.5
C_h1	16	51	200	3411.86	4063232	3243.8
C_h1	16	54	200	3425.21	4063232	3249.6
C_h1	16	57	200	3428.3	4063232	3267.3
C_h1	16	60	200	3414.77	4063232	3273.1
C_h1	16	63	200	3415.78	4063232	3278.9
C_h1	16	66	200	3416.71	4063232	3285.5
C_h1	16	69	200	3413.83	4063232	3291.4
C_h1	16	71	200	3426.36	4063232	3297.3
C_h1	16	74	200	3411.27	4063232	3314.8
C_h1	16	77	200	3401.27	4063232	3320.6
C_h1	16	80	200	3401.47	4063232	3199.6
C_h1	16	83	200	3404.99	4063232	3205.5
C_h1	16	86	200	3448.19	4063232	3211.3
C_h1	16	89	200	3448.51	4063232	3259.2
C_h1	16	91	200	3552.47	4063232	3378.6
C_h1	16	94	200	3552.24	4063232	3387.4
C_h1	16	97	200	3568.07	4063232	3394.6
C_h1	16	100	200	3559.93	4063232	3414.3
C_h1	16	103	200	3558.47	4063232	3421.0
C_h1	16	106	200	3558.78	4063232	3427.7
C_h1	16	109	200	3559.24	4063232	3434.2
C_h1	16	111	200	3559.53	4063232	3440.8
C_h1	16	114	200	3573.8	4063232	3321.5
C_h1	16	117	200	3561.76	4063232	3340.3
C_h1	16	120	200	3563.14	4063232	3347.0
C_h1	16	123	200	3564.36	4063232	3353.8
C_h1	16	126	200	3564.59	4063232	3360.7
C_h1	16	129	200	3604.76	4063232	3367.2
C_h1	16	131	200	3566.01	4063232	3415.1
C_h1	16	134	200	3565.85	4063232	3422.0
C_h1	16	137	200	3606.39	4063232	3418.9
C_h1	16	140	200	3603.5	4063232	3425.7
C_h1	16	143	200	3589.7	4063232	3432.4
C_h1	16	146	200	3587.6	4063232	3439.4
C_h1	16	149	200	3590.74	4063232	3446.0
C_h1	16	151	200	3605.24	4063232	3452.6
C_h1	16	154	200	3605.02	4063232	3336.6
C_h1	16	157	200	3604.46	4063232	3343.3
C_h1	16	160	200	3590.57	4063232	3349.9
C_h1	16	163	200	3590.12	4063232	3356.3
C_h1	16	166	200	3590.49	4063232	3363.0
C_h1	16	169	200	3630.22	4063232	3369.8
C_h1	16	171	200	3631.72	4063232	3418.5
C_h1	16	174	200	3593.58	4063232	3425.5
C_h1	16	177	200	3593.74	4063232	3432.3
C_h1	16	180	200	3594.09	4063232	3439.1
