p0_baseline_derived_B	1	0	200	25.675	4063232	22.8
p0_baseline_derived_B	1	3	200	22.44	4063232	20.3
p0_baseline_derived_B	1	6	200	22.985	4063232	20.8
p0_baseline_derived_B	1	9	200	21.987	4063232	19.8
p0_baseline_derived_B	1	11	200	26.492	4063232	24.3
p0_baseline_derived_B	1	14	200	23.762	4063232	21.3
p0_baseline_derived_B	1	17	200	22.043	4063232	19.8
p0_baseline_derived_B	1	20	200	22.841	4063232	20.7
p0_baseline_derived_B	1	23	200	24.497	4063232	22.2
p0_baseline_derived_B	1	26	200	21.791	4063232	19.6
p0_baseline_derived_B	1	29	200	24.181	4063232	19.7
p0_baseline_derived_B	1	31	200	35.627	4063232	33.1
p0_baseline_derived_B	1	34	200	19.788	4063232	17.4
p0_baseline_derived_B	1	37	200	21.874	4063232	19.7
p0_baseline_derived_B	1	40	200	21.2	4063232	18.9
p0_baseline_derived_B	1	43	200	18.68	4063232	16.4
p0_baseline_derived_B	1	46	200	28.98	4063232	20.8
p0_baseline_derived_B	1	49	200	20.866	4063232	18.7
p0_baseline_derived_B	1	51	200	18.858	4063232	16.8
p0_baseline_derived_B	1	54	200	22.897	4063232	20.8
p0_baseline_derived_B	1	57	200	18.795	4063232	16.7
p0_baseline_derived_B	1	60	200	29.482	4063232	27.2
p0_baseline_derived_B	1	63	200	23.39	4063232	21.2
p0_baseline_derived_B	1	66	200	19.44	4063232	17.1
p0_baseline_derived_B	1	69	200	23.165	4063232	21.1
p0_baseline_derived_B	1	71	200	30.765	4063232	28.6
p0_baseline_derived_B	1	74	200	18.893	4063232	16.7
p0_baseline_derived_B	1	77	200	22.258	4063232	20.2
p0_baseline_derived_B	1	80	200	24.778	4063232	15.9
p0_baseline_derived_B	1	83	200	18.411	4063232	16.3
p0_baseline_derived_B	1	86	200	22.242	4063232	20.1
p0_baseline_derived_B	1	89	200	17.768	4063232	15.7
p0_baseline_derived_B	1	91	200	60.172	4063232	57.9
p0_baseline_derived_B	1	94	200	23.382	4063232	21.0
p0_baseline_derived_B	1	97	200	61.347	4063232	16.4
p0_baseline_derived_B	1	100	200	23.004	4063232	20.5
p0_baseline_derived_B	1	103	200	21.35	4063232	19.0
p0_baseline_derived_B	1	106	200	18.849	4063232	16.4
p0_baseline_derived_B	1	109	200	22.533	4063232	20.2
p0_baseline_derived_B	1	111	200	18.81	4063232	16.4
p0_baseline_derived_B	1	114	200	20.053	4063232	17.6
p0_baseline_derived_B	1	117	200	22.507	4063232	20.2
p0_baseline_derived_B	1	120	200	18.334	4063232	16.2
p0_baseline_derived_B	1	123	200	19.735	4063232	17.4
p0_baseline_derived_B	1	126	200	31.968	4063232	29.7
p0_baseline_derived_B	1	129	200	18.002	4063232	15.8
p0_baseline_derived_B	1	131	200	21.992	4063232	19.8
p0_baseline_derived_B	1	134	200	20.476	4063232	18.3
p0_baseline_derived_B	1	137	200	18.697	4063232	16.6
p0_baseline_derived_B	1	140	200	21.198	4063232	19.1
p0_baseline_derived_B	1	143	200	30.258	4063232	18.4
p0_baseline_derived_B	1	146	200	19.291	4063232	17.1
p0_baseline_derived_B	1	149	200	20.447	4063232	18.4
p0_baseline_derived_B	1	151	200	17.381	4063232	15.3
p0_baseline_derived_B	1	154	200	18.77	4063232	16.7
p0_baseline_derived_B	1	157	200	30.035	4063232	27.9
p0_baseline_derived_B	1	160	200	18.722	4063232	16.6
p0_baseline_derived_B	1	163	200	19.664	4063232	17.5
p0_baseline_derived_B	1	166	200	21.474	4063232	19.0
p0_baseline_derived_B	1	169	200	25.358	4063232	23.1
p0_baseline_derived_B	1	171	200	20.094	4063232	17.9
p0_baseline_derived_B	1	174	200	19.974	4063232	17.8
p0_baseline_derived_B	1	177	200	18.565	4063232	16.4
p0_baseline_derived_B	1	180	200	26.11	4063232	23.3
