p0_baseline_raw_B	1	0	200	159.21	4063232	156.3
p0_baseline_raw_B	1	3	200	150.977	4063232	148.7
p0_baseline_raw_B	1	6	200	150.837	4063232	143.1
p0_baseline_raw_B	1	9	200	145.153	4063232	142.8
p0_baseline_raw_B	1	11	200	151.492	4063232	149.3
p0_baseline_raw_B	1	14	200	151.852	4063232	149.5
p0_baseline_raw_B	1	17	200	150.864	4063232	148.5
p0_baseline_raw_B	1	20	200	150.348	4063232	148.0
p0_baseline_raw_B	1	23	200	151.174	4063232	148.9
p0_baseline_raw_B	1	26	200	150.857	4063232	142.6
p0_baseline_raw_B	1	29	200	144.466	4063232	142.2
p0_baseline_raw_B	1	31	200	150.686	4063232	148.5
p0_baseline_raw_B	1	34	200	151.183	4063232	148.7
p0_baseline_raw_B	1	37	200	152.005	4063232	149.7
p0_baseline_raw_B	1	40	200	151.938	4063232	149.8
p0_baseline_raw_B	1	43	200	150.619	4063232	148.3
p0_baseline_raw_B	1	46	200	150.423	4063232	142.2
p0_baseline_raw_B	1	49	200	144.608	4063232	142.3
p0_baseline_raw_B	1	51	200	185.006	4063232	183.0
p0_baseline_raw_B	1	54	200	190.337	4063232	188.1
p0_baseline_raw_B	1	57	200	149.531	4063232	147.3
p0_baseline_raw_B	1	60	200	150.368	4063232	148.3
p0_baseline_raw_B	1	63	200	158.18	4063232	155.9
p0_baseline_raw_B	1	66	200	152.063	4063232	149.7
p0_baseline_raw_B	1	69	200	150.803	4063232	148.6
p0_baseline_raw_B	1	71	200	150.874	4063232	148.6
p0_baseline_raw_B	1	74	200	152.665	4063232	149.0
p0_baseline_raw_B	1	77	200	152.844	4063232	150.7
p0_baseline_raw_B	1	80	200	152.45	4063232	149.6
p0_baseline_raw_B	1	83	200	151.968	4063232	149.4
p0_baseline_raw_B	1	86	200	155.891	4063232	151.2
p0_baseline_raw_B	1	89	200	153.253	4063232	150.8
p0_baseline_raw_B	1	91	200	151.037	4063232	148.7
p0_baseline_raw_B	1	94	200	151.244	4063232	148.9
p0_baseline_raw_B	1	97	200	150.323	4063232	147.9
p0_baseline_raw_B	1	100	200	148.708	4063232	146.5
p0_baseline_raw_B	1	103	200	151.667	4063232	149.2
p0_baseline_raw_B	1	106	200	154.498	4063232	152.0
p0_baseline_raw_B	1	109	200	185.266	4063232	182.7
p0_baseline_raw_B	1	111	200	194.053	4063232	191.7
p0_baseline_raw_B	1	114	200	148.979	4063232	144.6
p0_baseline_raw_B	1	117	200	154.079	4063232	151.8
p0_baseline_raw_B	1	120	200	151.725	4063232	141.9
p0_baseline_raw_B	1	123	200	153.722	4063232	143.7
p0_baseline_raw_B	1	126	200	144.978	4063232	141.6
p0_baseline_raw_B	1	129	200	149.529	4063232	146.9
p0_baseline_raw_B	1	131	200	151.474	4063232	149.2
p0_baseline_raw_B	1	134	200	152.448	4063232	150.1
p0_baseline_raw_B	1	137	200	150.961	4063232	147.3
p0_baseline_raw_B	1	140	200	149.845	4063232	147.5
p0_baseline_raw_B	1	143	200	150.014	4063232	147.8
p0_baseline_raw_B	1	146	200	150.272	4063232	147.9
p0_baseline_raw_B	1	149	200	148.969	4063232	146.7
p0_baseline_raw_B	1	151	200	153.164	4063232	150.8
p0_baseline_raw_B	1	154	200	150.832	4063232	147.8
p0_baseline_raw_B	1	157	200	151.189	4063232	146.8
p0_baseline_raw_B	1	160	200	152.138	4063232	149.8
p0_baseline_raw_B	1	163	200	149.919	4063232	147.7
p0_baseline_raw_B	1	166	200	150.058	4063232	147.8
p0_baseline_raw_B	1	169	200	148.26	4063232	146.0
p0_baseline_raw_B	1	171	200	150.71	4063232	148.4
p0_baseline_raw_B	1	174	200	183.069	4063232	180.8
p0_baseline_raw_B	1	177	200	183.561	4063232	181.3
p0_baseline_raw_B	1	180	200	148.665	4063232	144.0
