p0_baseline_derived_C	16	0	200	349.611	4063232	346.7
p0_baseline_derived_C	16	3	200	351.654	4063232	348.1
p0_baseline_derived_C	16	6	200	359.021	4063232	349.6
p0_baseline_derived_C	16	9	200	360.975	4063232	356.4
p0_baseline_derived_C	16	11	200	362.906	4063232	357.9
p0_baseline_derived_C	16	14	200	364.909	4063232	359.3
p0_baseline_derived_C	16	17	200	366.827	4063232	360.6
p0_baseline_derived_C	16	20	200	368.809	4063232	362.1
p0_baseline_derived_C	16	23	200	370.528	4063232	363.5
p0_baseline_derived_C	16	26	200	377.061	4063232	364.8
p0_baseline_derived_C	16	29	200	378.973	4063232	358.8
p0_baseline_derived_C	16	31	200	380.81	4063232	359.6
p0_baseline_derived_C	16	34	200	382.343	4063232	360.6
p0_baseline_derived_C	16	37	200	384.249	4063232	361.8
p0_baseline_derived_C	16	40	200	385.921	4063232	363.1
p0_baseline_derived_C	16	43	200	387.601	4063232	364.3
p0_baseline_derived_C	16	46	200	431.691	4063232	391.2
p0_baseline_derived_C	16	49	200	431.482	4063232	354.7
p0_baseline_derived_C	16	51	200	426.023	4063232	355.9
p0_baseline_derived_C	16	54	200	426.813	4063232	357.1
p0_baseline_derived_C	16	57	200	426.625	4063232	359.3
p0_baseline_derived_C	16	60	200	426.394	4063232	360.4
p0_baseline_derived_C	16	63	200	426.165	4063232	361.5
p0_baseline_derived_C	16	66	200	425.82	4063232	362.6
p0_baseline_derived_C	16	69	200	425.86	4063232	363.8
p0_baseline_derived_C	16	71	200	421.031	4063232	364.9
p0_baseline_derived_C	16	74	200	420.878	4063232	366.1
p0_baseline_derived_C	16	77	200	420.692	4063232	367.2
p0_baseline_derived_C	16	80	200	431.205	4063232	368.4
p0_baseline_derived_C	16	83	200	431.097	4063232	379.9
p0_baseline_derived_C	16	86	200	431.138	4063232	338.1
p0_baseline_derived_C	16	89	200	431.135	4063232	339.2
p0_baseline_derived_C	16	91	200	379.231	4063232	339.3
p0_baseline_derived_C	16	94	200	379.334	4063232	340.7
p0_baseline_derived_C	16	97	200	379.338	4063232	342.1
p0_baseline_derived_C	16	100	200	378.511	4063232	343.5
p0_baseline_derived_C	16	103	200	379.865	4063232	344.9
p0_baseline_derived_C	16	106	200	382.033	4063232	347.4
p0_baseline_derived_C	16	109	200	425.735	4063232	350.9
p0_baseline_derived_C	16	111	200	426	4063232	395.9
p0_baseline_derived_C	16	114	200	425.955	4063232	397.1
p0_baseline_derived_C	16	117	200	426.003	4063232	398.3
p0_baseline_derived_C	16	120	200	425.94	4063232	399.5
p0_baseline_derived_C	16	123	200	425.98	4063232	400.8
p0_baseline_derived_C	16	126	200	415.747	4063232	402.0
p0_baseline_derived_C	16	129	200	415.711	4063232	403.3
p0_baseline_derived_C	16	131	200	415.726	4063232	404.5
p0_baseline_derived_C	16	134	200	415.796	4063232	405.8
p0_baseline_derived_C	16	137	200	379.266	4063232	302.9
p0_baseline_derived_C	16	140	200	379.066	4063232	304.0
p0_baseline_derived_C	16	143	200	378.848	4063232	305.2
p0_baseline_derived_C	16	146	200	378.668	4063232	306.3
p0_baseline_derived_C	16	149	200	379.9	4063232	307.5
p0_baseline_derived_C	16	151	200	380.223	4063232	311.3
p0_baseline_derived_C	16	154	200	339.188	4063232	315.1
p0_baseline_derived_C	16	157	200	341.62	4063232	319.0
p0_baseline_derived_C	16	160	200	344.129	4063232	322.7
p0_baseline_derived_C	16	163	200	346.427	4063232	326.4
p0_baseline_derived_C	16	166	200	348.781	4063232	330.0
p0_baseline_derived_C	16	169	200	389.983	4063232	333.5
p0_baseline_derived_C	16	171	200	390.284	4063232	376.0
p0_baseline_derived_C	16	174	200	390.439	4063232	377.0
p0_baseline_derived_C	16	177	200	390.479	4063232	378.3
p0_baseline_derived_C	16	180	200	390.588	4063232	379.5
