p0_baseline_raw_C	16	0	200	2379.68	4063232	2374.6
p0_baseline_raw_C	16	3	200	2424.62	4063232	2421.2
p0_baseline_raw_C	16	6	200	2429.53	4063232	2424.8
p0_baseline_raw_C	16	9	200	2436.1	4063232	2430.2
p0_baseline_raw_C	16	11	200	2442.59	4063232	2436.5
p0_baseline_raw_C	16	14	200	2491.31	4063232	2487.2
p0_baseline_raw_C	16	17	200	2494.83	4063232	2490.5
p0_baseline_raw_C	16	20	200	2498.24	4063232	2493.7
p0_baseline_raw_C	16	23	200	2502.7	4063232	2493.8
p0_baseline_raw_C	16	26	200	2509.02	4063232	2498.9
p0_baseline_raw_C	16	29	200	2515.33	4063232	2499.6
p0_baseline_raw_C	16	31	200	2521.76	4063232	2505.7
p0_baseline_raw_C	16	34	200	2528.11	4063232	2511.8
p0_baseline_raw_C	16	37	200	2534.4	4063232	2517.9
p0_baseline_raw_C	16	40	200	2545.92	4063232	2524.1
p0_baseline_raw_C	16	43	200	2549.34	4063232	2534.6
p0_baseline_raw_C	16	46	200	2585.1	4063232	2412.8
p0_baseline_raw_C	16	49	200	2543.39	4063232	2415.8
p0_baseline_raw_C	16	51	200	2541.76	4063232	2418.8
p0_baseline_raw_C	16	54	200	2539.08	4063232	2421.8
p0_baseline_raw_C	16	57	200	2541.85	4063232	2426.1
p0_baseline_raw_C	16	60	200	2496.39	4063232	2434.5
p0_baseline_raw_C	16	63	200	2496.12	4063232	2437.6
p0_baseline_raw_C	16	66	200	2496.14	4063232	2440.7
p0_baseline_raw_C	16	69	200	2499.42	4063232	2443.8
p0_baseline_raw_C	16	71	200	2496.33	4063232	2451.6
p0_baseline_raw_C	16	74	200	2493.35	4063232	2454.7
p0_baseline_raw_C	16	77	200	2497.05	4063232	2457.8
p0_baseline_raw_C	16	80	200	2494.12	4063232	2467.8
p0_baseline_raw_C	16	83	200	2491.11	4063232	2470.9
p0_baseline_raw_C	16	86	200	2483.25	4063232	2467.8
p0_baseline_raw_C	16	89	200	2488.89	4063232	2471.3
p0_baseline_raw_C	16	91	200	2471.3	4063232	2395.3
p0_baseline_raw_C	16	94	200	2471.31	4063232	2398.3
p0_baseline_raw_C	16	97	200	2478.07	4063232	2401.3
p0_baseline_raw_C	16	100	200	2478.71	4063232	2411.8
p0_baseline_raw_C	16	103	200	2472.79	4063232	2415.5
p0_baseline_raw_C	16	106	200	2472.96	4063232	2418.7
p0_baseline_raw_C	16	109	200	2478.98	4063232	2422.0
p0_baseline_raw_C	16	111	200	2478.9	4063232	2431.1
p0_baseline_raw_C	16	114	200	2474.49	4063232	2427.6
p0_baseline_raw_C	16	117	200	2474.57	4063232	2430.6
p0_baseline_raw_C	16	120	200	2479.43	4063232	2433.7
p0_baseline_raw_C	16	123	200	2472.65	4063232	2441.8
p0_baseline_raw_C	16	126	200	2472.58	4063232	2444.9
p0_baseline_raw_C	16	129	200	2472.58	4063232	2447.9
p0_baseline_raw_C	16	131	200	2477.73	4063232	2451.0
p0_baseline_raw_C	16	134	200	2472.14	4063232	2459.8
p0_baseline_raw_C	16	137	200	2455.42	4063232	2378.5
p0_baseline_raw_C	16	140	200	2455.4	4063232	2381.6
p0_baseline_raw_C	16	143	200	2453.78	4063232	2384.6
p0_baseline_raw_C	16	146	200	2452.56	4063232	2392.8
p0_baseline_raw_C	16	149	200	2452.39	4063232	2395.9
p0_baseline_raw_C	16	151	200	2452.24	4063232	2393.9
p0_baseline_raw_C	16	154	200	2451.7	4063232	2396.8
p0_baseline_raw_C	16	157	200	2451.74	4063232	2405.5
p0_baseline_raw_C	16	160	200	2451.68	4063232	2408.6
p0_baseline_raw_C	16	163	200	2451.66	4063232	2411.7
p0_baseline_raw_C	16	166	200	2452.64	4063232	2420.7
p0_baseline_raw_C	16	169	200	2452.6	4063232	2423.8
p0_baseline_raw_C	16	171	200	2452.53	4063232	2426.8
p0_baseline_raw_C	16	174	200	2452.47	4063232	2429.9
p0_baseline_raw_C	16	177	200	2453.53	4063232	2398.8
p0_baseline_raw_C	16	180	200	2453.55	4063232	2402.2
