p0_baseline_raw_flat_c4	4	5	200	315.096	65011712	227.2
p0_baseline_raw_flat_c4	4	5	200	424.801	65011712	335.8
p0_baseline_raw_flat_c4	4	5	200	496.02	65011712	432.3
p0_baseline_raw_flat_c4	4	5	200	573.171	65011712	519.8
p0_baseline_raw_flat_c4	4	25	200	616.353	65011712	313.2
p0_baseline_raw_flat_c4	4	25	200	613.157	65011712	379.1
p0_baseline_raw_flat_c4	4	25	200	638.486	65011712	474.3
p0_baseline_raw_flat_c4	4	25	200	646.575	65011712	541.2
p0_baseline_raw_flat_c4	4	45	200	606.649	65011712	259.7
p0_baseline_raw_flat_c4	4	45	200	642.996	65011712	399.2
p0_baseline_raw_flat_c4	4	45	200	641.923	65011712	494.0
p0_baseline_raw_flat_c4	4	45	200	648.681	65011712	588.3
p0_baseline_raw_flat_c4	4	65	200	733.396	65011712	335.5
p0_baseline_raw_flat_c4	4	65	200	721.199	65011712	383.1
p0_baseline_raw_flat_c4	4	65	200	695.765	65011712	498.5
p0_baseline_raw_flat_c4	4	65	200	714.012	65011712	581.6
p0_baseline_raw_flat_c4	4	85	200	708.998	65011712	297.9
p0_baseline_raw_flat_c4	4	85	200	651.392	65011712	409.4
p0_baseline_raw_flat_c4	4	85	200	697.689	65011712	541.5
p0_baseline_raw_flat_c4	4	85	200	663.432	65011712	530.8
p0_baseline_raw_flat_c4	4	105	200	626.198	65011712	260.6
p0_baseline_raw_flat_c4	4	105	200	666.091	65011712	368.4
p0_baseline_raw_flat_c4	4	105	200	631.055	65011712	495.1
p0_baseline_raw_flat_c4	4	105	200	682.502	65011712	594.3
p0_baseline_raw_flat_c4	4	125	200	660.134	65011712	237.3
p0_baseline_raw_flat_c4	4	125	200	683.308	65011712	358.9
p0_baseline_raw_flat_c4	4	125	200	654.855	65011712	474.3
p0_baseline_raw_flat_c4	4	125	200	638.257	65011712	586.2
p0_baseline_raw_flat_c4	4	145	200	627.199	65011712	267.5
p0_baseline_raw_flat_c4	4	145	200	612.714	65011712	299.9
p0_baseline_raw_flat_c4	4	145	200	648.702	65011712	409.1
p0_baseline_raw_flat_c4	4	145	200	619.704	65011712	512.0
