p1_derived_C	16	3	200	36.826	4063232	31.3
p1_derived_C	16	17	200	41.596	4063232	30.9
p1_derived_C	16	14	200	46.006	4063232	31.9
p1_derived_C	16	31	200	51.774	4063232	31.3
p1_derived_C	16	34	200	61.037	4063232	32.0
p1_derived_C	16	20	200	65.234	4063232	34.0
p1_derived_C	16	0	200	69.8	4063232	39.3
p1_derived_C	16	11	200	74.395	4063232	41.2
p1_derived_C	16	43	200	78.399	4063232	38.6
p1_derived_C	16	9	200	83.171	4063232	45.5
p1_derived_C	16	26	200	86.863	4063232	44.5
p1_derived_C	16	40	200	126.327	4063232	43.6
p1_derived_C	16	6	200	131.012	4063232	47.1
p1_derived_C	16	29	200	135.196	4063232	45.4
p1_derived_C	16	37	200	139.407	4063232	45.5
p1_derived_C	16	23	200	145.421	4063232	47.3
p1_derived_C	16	46	200	157.601	4063232	21.5
p1_derived_C	16	49	200	159.27	4063232	61.0
p1_derived_C	16	51	200	161.597	4063232	59.2
p1_derived_C	16	57	200	154.262	4063232	58.7
p1_derived_C	16	66	200	147.178	4063232	58.8
p1_derived_C	16	54	200	176.011	4063232	63.6
p1_derived_C	16	69	200	155.103	4063232	65.9
p1_derived_C	16	60	200	174.042	4063232	68.7
p1_derived_C	16	63	200	175.661	4063232	72.1
p1_derived_C	16	71	200	167.465	4063232	71.2
p1_derived_C	16	77	200	128.063	4063232	26.8
p1_derived_C	16	74	200	172.444	4063232	29.2
p1_derived_C	16	89	200	120.671	4063232	20.5
p1_derived_C	16	83	200	138.547	4063232	28.2
p1_derived_C	16	80	200	152.755	4063232	28.7
p1_derived_C	16	86	200	145.735	4063232	22.1
p1_derived_C	16	94	200	87.405	4063232	28.5
p1_derived_C	16	91	200	95.346	4063232	30.6
p1_derived_C	16	97	200	87.362	4063232	26.6
p1_derived_C	16	100	200	84.588	4063232	25.4
p1_derived_C	16	103	200	82.898	4063232	19.7
p1_derived_C	16	106	200	81.917	4063232	25.7
p1_derived_C	16	109	200	117.499	4063232	22.2
p1_derived_C	16	114	200	108.165	4063232	18.2
p1_derived_C	16	120	200	101.457	4063232	56.1
p1_derived_C	16	111	200	119.59	4063232	64.6
p1_derived_C	16	126	200	97.043	4063232	60.4
p1_derived_C	16	123	200	105.797	4063232	66.9
p1_derived_C	16	117	200	167.989	4063232	118.2
p1_derived_C	16	146	200	123.254	4063232	103.1
p1_derived_C	16	137	200	139.826	4063232	104.1
p1_derived_C	16	129	200	158.635	4063232	111.2
p1_derived_C	16	134	200	151.608	4063232	108.4
p1_derived_C	16	151	200	134.962	4063232	65.6
p1_derived_C	16	131	200	168.691	4063232	116.0
p1_derived_C	16	143	200	164.827	4063232	112.2
p1_derived_C	16	163	200	106.099	4063232	65.1
p1_derived_C	16	149	200	165.909	4063232	116.5
p1_derived_C	16	140	200	184.788	4063232	118.0
p1_derived_C	16	154	200	129.088	4063232	75.0
p1_derived_C	16	157	200	131.867	4063232	77.1
p1_derived_C	16	160	200	133.538	4063232	74.8
p1_derived_C	16	169	200	128.46	4063232	67.6
p1_derived_C	16	166	200	141.05	4063232	74.8
p1_derived_C	16	171	200	89.907	4063232	20.3
p1_derived_C	16	174	200	89.132	4063232	18.4
p1_derived_C	16	177	200	88.184	4063232	16.8
p1_derived_C	16	180	200	87.837	4063232	27.4
