p1_derived_B	1	0	200	26.349	4063232	23.5
p1_derived_B	1	3	200	24.402	4063232	21.8
p1_derived_B	1	6	200	26.581	4063232	24.1
p1_derived_B	1	9	200	23.716	4063232	20.2
p1_derived_B	1	11	200	24.046	4063232	20.8
p1_derived_B	1	14	200	24.877	4063232	21.4
p1_derived_B	1	17	200	26.688	4063232	23.5
p1_derived_B	1	20	200	27.191	4063232	24.0
p1_derived_B	1	23	200	28.294	4063232	24.6
p1_derived_B	1	26	200	32.36	4063232	23.8
p1_derived_B	1	29	200	28.716	4063232	24.0
p1_derived_B	1	31	200	26.785	4063232	22.2
p1_derived_B	1	34	200	31.09	4063232	22.8
p1_derived_B	1	37	200	40.399	4063232	25.3
p1_derived_B	1	40	200	23.338	4063232	20.8
p1_derived_B	1	43	200	19.425	4063232	16.7
p1_derived_B	1	46	200	24.355	4063232	21.7
p1_derived_B	1	49	200	23.858	4063232	19.9
p1_derived_B	1	51	200	20.019	4063232	16.7
p1_derived_B	1	54	200	33.224	4063232	27.1
p1_derived_B	1	57	200	29.965	4063232	23.9
p1_derived_B	1	60	200	24.244	4063232	20.7
p1_derived_B	1	63	200	37.039	4063232	22.4
p1_derived_B	1	66	200	20.521	4063232	17.9
p1_derived_B	1	69	200	24.661	4063232	22.1
p1_derived_B	1	71	200	27.186	4063232	24.6
p1_derived_B	1	74	200	25.263	4063232	22.6
p1_derived_B	1	77	200	25.826	4063232	23.3
p1_derived_B	1	80	200	22.184	4063232	18.1
p1_derived_B	1	83	200	33.71	4063232	23.0
p1_derived_B	1	86	200	24.405	4063232	21.5
p1_derived_B	1	89	200	19.94	4063232	17.4
p1_derived_B	1	91	200	24.076	4063232	19.0
p1_derived_B	1	94	200	24.275	4063232	21.7
p1_derived_B	1	97	200	24.529	4063232	16.8
p1_derived_B	1	100	200	22.296	4063232	20.0
p1_derived_B	1	103	200	22.617	4063232	20.0
p1_derived_B	1	106	200	20.121	4063232	17.7
p1_derived_B	1	109	200	25.369	4063232	23.0
p1_derived_B	1	111	200	59.649	4063232	20.4
p1_derived_B	1	114	200	21.035	4063232	18.5
p1_derived_B	1	117	200	23.017	4063232	20.6
p1_derived_B	1	120	200	18.882	4063232	16.6
p1_derived_B	1	123	200	19.729	4063232	17.3
p1_derived_B	1	126	200	81.003	4063232	76.3
p1_derived_B	1	129	200	20.453	4063232	15.4
p1_derived_B	1	131	200	25.571	4063232	20.7
p1_derived_B	1	134	200	24.996	4063232	20.1
p1_derived_B	1	137	200	24.726	4063232	19.6
p1_derived_B	1	140	200	26.097	4063232	20.9
p1_derived_B	1	143	200	27.1	4063232	21.8
p1_derived_B	1	146	200	25.282	4063232	20.2
p1_derived_B	1	149	200	26.436	4063232	21.5
p1_derived_B	1	151	200	22.99	4063232	18.2
p1_derived_B	1	154	200	23.448	4063232	18.3
p1_derived_B	1	157	200	23.418	4063232	18.4
p1_derived_B	1	160	200	31.726	4063232	27.1
p1_derived_B	1	163	200	21.359	4063232	16.3
p1_derived_B	1	166	200	24.23	4063232	18.8
p1_derived_B	1	169	200	22.097	4063232	17.1
p1_derived_B	1	171	200	22.442	4063232	17.6
p1_derived_B	1	174	200	22.139	4063232	17.5
p1_derived_B	1	177	200	20.251	4063232	15.6
p1_derived_B	1	180	200	28.519	4063232	18.5
