p1_raw_flat_c4	4	5	200	261.751	65011712	156.4
p1_raw_flat_c4	4	5	200	379.278	65011712	225.3
p1_raw_flat_c4	4	5	200	441.079	65011712	248.4
p1_raw_flat_c4	4	5	200	540.908	65011712	253.5
p1_raw_flat_c4	4	25	200	562.043	65011712	112.4
p1_raw_flat_c4	4	25	200	519.639	65011712	264.6
p1_raw_flat_c4	4	25	200	418.849	65011712	263.8
p1_raw_flat_c4	4	25	200	627.631	65011712	292.0
p1_raw_flat_c4	4	45	200	424.697	65011712	99.7
p1_raw_flat_c4	4	45	200	542.97	65011712	252.3
p1_raw_flat_c4	4	45	200	545.478	65011712	272.5
p1_raw_flat_c4	4	65	200	373.333	65011712	181.5
p1_raw_flat_c4	4	45	200	617.259	65011712	204.5
p1_raw_flat_c4	4	65	200	435.633	65011712	125.4
p1_raw_flat_c4	4	85	200	300.261	65011712	156.0
p1_raw_flat_c4	4	65	200	426.775	65011712	186.7
p1_raw_flat_c4	4	65	200	669.523	65011712	207.5
p1_raw_flat_c4	4	105	200	173.392	65011712	64.9
p1_raw_flat_c4	4	85	200	601.947	65011712	194.2
p1_raw_flat_c4	4	85	200	495.228	65011712	139.3
p1_raw_flat_c4	4	85	200	661.025	65011712	160.0
p1_raw_flat_c4	4	125	200	226.536	65011712	121.5
p1_raw_flat_c4	4	105	200	442.907	65011712	191.9
p1_raw_flat_c4	4	105	200	700.305	65011712	214.4
p1_raw_flat_c4	4	105	200	672.19	65011712	275.4
p1_raw_flat_c4	4	145	200	233.939	65011712	121.8
p1_raw_flat_c4	4	125	200	445.055	65011712	203.0
p1_raw_flat_c4	4	125	200	681.491	65011712	203.4
p1_raw_flat_c4	4	125	200	629.052	65011712	224.6
p1_raw_flat_c4	4	145	200	315.251	65011712	189.3
p1_raw_flat_c4	4	145	200	587.291	65011712	189.8
p1_raw_flat_c4	4	145	200	543.623	65011712	209.8
