p1_raw_B	1	0	200	156.286	4063232	151.3
p1_raw_B	1	3	200	194.36	4063232	191.8
p1_raw_B	1	6	200	153.699	4063232	149.2
p1_raw_B	1	9	200	207.654	4063232	202.9
p1_raw_B	1	11	200	155.698	4063232	150.6
p1_raw_B	1	14	200	158.864	4063232	154.2
p1_raw_B	1	17	200	157.306	4063232	150.0
p1_raw_B	1	20	200	167.16	4063232	158.8
p1_raw_B	1	23	200	164.578	4063232	153.9
p1_raw_B	1	26	200	154.18	4063232	150.6
p1_raw_B	1	29	200	160.573	4063232	155.7
p1_raw_B	1	31	200	164.489	4063232	162.0
p1_raw_B	1	34	200	161.08	4063232	158.6
p1_raw_B	1	37	200	162.626	4063232	155.9
p1_raw_B	1	40	200	164.121	4063232	153.7
p1_raw_B	1	43	200	164.539	4063232	154.0
p1_raw_B	1	46	200	161.691	4063232	150.2
p1_raw_B	1	49	200	195.461	4063232	151.3
p1_raw_B	1	51	200	191.795	4063232	145.5
p1_raw_B	1	54	200	154.02	4063232	149.0
p1_raw_B	1	57	200	151.095	4063232	148.6
p1_raw_B	1	60	200	154.845	4063232	150.3
p1_raw_B	1	63	200	154.589	4063232	150.0
p1_raw_B	1	66	200	165.135	4063232	160.3
p1_raw_B	1	69	200	155.31	4063232	150.8
p1_raw_B	1	71	200	154.461	4063232	149.6
p1_raw_B	1	74	200	147.24	4063232	142.5
p1_raw_B	1	77	200	163.065	4063232	157.3
p1_raw_B	1	80	200	161.432	4063232	159.1
p1_raw_B	1	83	200	156.545	4063232	154.2
p1_raw_B	1	86	200	156.958	4063232	150.8
p1_raw_B	1	89	200	153.635	4063232	148.7
p1_raw_B	1	91	200	159.873	4063232	157.4
p1_raw_B	1	94	200	162.217	4063232	155.9
p1_raw_B	1	97	200	161.424	4063232	150.1
p1_raw_B	1	100	200	151.148	4063232	143.5
p1_raw_B	1	103	200	159.199	4063232	150.9
p1_raw_B	1	106	200	153.892	4063232	150.0
p1_raw_B	1	109	200	158.582	4063232	153.6
p1_raw_B	1	111	200	156.985	4063232	153.4
p1_raw_B	1	114	200	161.763	4063232	155.0
p1_raw_B	1	117	200	187.413	4063232	146.2
p1_raw_B	1	120	200	191.415	4063232	148.0
p1_raw_B	1	123	200	154.493	4063232	150.8
p1_raw_B	1	126	200	153.461	4063232	150.7
p1_raw_B	1	129	200	155.479	4063232	151.5
p1_raw_B	1	131	200	155.682	4063232	152.1
p1_raw_B	1	134	200	168.279	4063232	163.4
p1_raw_B	1	137	200	157.061	4063232	152.1
p1_raw_B	1	140	200	161.427	4063232	156.7
p1_raw_B	1	143	200	155.877	4063232	146.6
p1_raw_B	1	146	200	150.862	4063232	146.0
p1_raw_B	1	149	200	158.48	4063232	155.5
p1_raw_B	1	151	200	152.469	4063232	149.9
p1_raw_B	1	154	200	155.446	4063232	152.1
p1_raw_B	1	157	200	164.335	4063232	161.0
p1_raw_B	1	160	200	152.031	4063232	149.7
p1_raw_B	1	163	200	159.479	4063232	157.1
p1_raw_B	1	166	200	158.091	4063232	155.4
p1_raw_B	1	169	200	152.501	4063232	146.0
p1_raw_B	1	171	200	164.852	4063232	148.4
p1_raw_B	1	174	200	152.217	4063232	147.3
p1_raw_B	1	177	200	158.805	4063232	154.0
p1_raw_B	1	180	200	153.591	4063232	150.9
