p1_raw_C	16	0	200	273.978	4063232	266.9
p1_raw_C	16	23	200	277.613	4063232	224.7
p1_raw_C	16	9	200	288.768	4063232	263.0
p1_raw_C	16	31	200	292.308	4063232	225.9
p1_raw_C	16	6	200	296.765	4063232	264.6
p1_raw_C	16	17	200	300.31	4063232	266.5
p1_raw_C	16	34	200	304.647	4063232	242.8
p1_raw_C	16	37	200	320.525	4063232	249.4
p1_raw_C	16	14	200	338.896	4063232	325.3
p1_raw_C	16	3	200	344.773	4063232	337.6
p1_raw_C	16	20	200	388.712	4063232	336.4
p1_raw_C	16	26	200	393.833	4063232	341.9
p1_raw_C	16	40	200	398.228	4063232	342.1
p1_raw_C	16	11	200	403.302	4063232	385.8
p1_raw_C	16	29	200	453.503	4063232	349.4
p1_raw_C	16	43	200	455.696	4063232	355.4
p1_raw_C	16	51	200	293.397	4063232	267.8
p1_raw_C	16	66	200	267.108	4063232	263.0
p1_raw_C	16	57	200	328.388	4063232	294.2
p1_raw_C	16	71	200	284.682	4063232	238.3
p1_raw_C	16	46	200	364.972	4063232	335.9
p1_raw_C	16	74	200	288.795	4063232	238.6
p1_raw_C	16	89	200	223.232	4063232	219.1
p1_raw_C	16	49	200	403.281	4063232	375.5
p1_raw_C	16	54	200	439.638	4063232	379.8
p1_raw_C	16	63	200	430.14	4063232	408.1
p1_raw_C	16	86	200	284.043	4063232	274.3
p1_raw_C	16	60	200	440.56	4063232	414.3
p1_raw_C	16	69	200	405.706	4063232	395.3
p1_raw_C	16	83	200	344.749	4063232	286.8
p1_raw_C	16	77	200	393.851	4063232	327.8
p1_raw_C	16	80	200	394.12	4063232	332.7
p1_raw_C	16	91	200	329.409	4063232	323.8
p1_raw_C	16	94	200	380.909	4063232	376.5
p1_raw_C	16	100	200	344.028	4063232	337.3
p1_raw_C	16	103	200	339.074	4063232	293.4
p1_raw_C	16	117	200	260.138	4063232	252.1
p1_raw_C	16	114	200	275.198	4063232	261.1
p1_raw_C	16	109	200	346.057	4063232	321.3
p1_raw_C	16	97	200	409.68	4063232	399.3
p1_raw_C	16	123	200	302.665	4063232	282.7
p1_raw_C	16	106	200	371.357	4063232	353.7
p1_raw_C	16	134	200	262.496	4063232	249.0
p1_raw_C	16	111	200	388.153	4063232	364.3
p1_raw_C	16	131	200	286.238	4063232	258.7
p1_raw_C	16	129	200	330.64	4063232	308.9
p1_raw_C	16	120	200	345.522	4063232	329.2
p1_raw_C	16	126	200	343.173	4063232	326.8
p1_raw_C	16	137	200	306.283	4063232	296.9
p1_raw_C	16	140	200	315.551	4063232	302.2
p1_raw_C	16	149	200	299.929	4063232	296.0
p1_raw_C	16	146	200	329.453	4063232	323.8
p1_raw_C	16	143	200	338.106	4063232	327.8
p1_raw_C	16	157	200	280.75	4063232	257.9
p1_raw_C	16	160	200	285.155	4063232	270.3
p1_raw_C	16	154	200	314.774	4063232	300.4
p1_raw_C	16	177	200	261.334	4063232	250.4
p1_raw_C	16	169	200	277.026	4063232	259.8
p1_raw_C	16	171	200	273.719	4063232	252.6
p1_raw_C	16	151	200	342.129	4063232	315.1
p1_raw_C	16	180	200	263.409	4063232	259.3
p1_raw_C	16	174	200	274.227	4063232	262.5
p1_raw_C	16	163	200	311.146	4063232	289.0
p1_raw_C	16	166	200	306.481	4063232	285.1
