p2_after_derived_scrub_revisit	16	10	200	21.445	4063232	9.2
p2_after_derived_scrub_revisit	16	10	200	22.086	4063232	10.9
p2_after_derived_scrub_revisit	16	10	200	23.445	4063232	12.3
p2_after_derived_scrub_revisit	16	10	200	25.427	4063232	15.2
p2_after_derived_scrub_revisit	16	10	200	26.731	4063232	11.2
p2_after_derived_scrub_revisit	16	10	200	28.351	4063232	12.3
p2_after_derived_scrub_revisit	16	10	200	29.92	4063232	13.3
p2_after_derived_scrub_revisit	16	10	200	31.365	4063232	11.4
p2_after_derived_scrub_revisit	16	10	200	33.069	4063232	10.7
p2_after_derived_scrub_revisit	16	10	200	35.02	4063232	11.3
p2_after_derived_scrub_revisit	16	10	200	36.522	4063232	13.9
p2_after_derived_scrub_revisit	16	10	200	37.793	4063232	14.0
p2_after_derived_scrub_revisit	16	10	200	38.078	4063232	13.6
p2_after_derived_scrub_revisit	16	10	200	39.411	4063232	14.9
p2_after_derived_scrub_revisit	16	10	200	40.992	4063232	14.1
p2_after_derived_scrub_revisit	16	10	200	41.221	4063232	10.3
p2_after_derived_scrub_revisit	16	10	200	33.886	4063232	10.5
p2_after_derived_scrub_revisit	16	10	200	30.427	4063232	10.1
p2_after_derived_scrub_revisit	16	10	200	33.691	4063232	10.6
p2_after_derived_scrub_revisit	16	10	200	41.083	4063232	12.6
p2_after_derived_scrub_revisit	16	10	200	42.49	4063232	11.8
p2_after_derived_scrub_revisit	16	10	200	39.827	4063232	10.6
p2_after_derived_scrub_revisit	16	10	200	42.002	4063232	10.4
p2_after_derived_scrub_revisit	16	10	200	52.586	4063232	12.2
p2_after_derived_scrub_revisit	16	10	200	48.072	4063232	10.8
p2_after_derived_scrub_revisit	16	10	200	49.238	4063232	10.4
p2_after_derived_scrub_revisit	16	10	200	49.953	4063232	9.7
p2_after_derived_scrub_revisit	16	10	200	57.194	4063232	10.5
p2_after_derived_scrub_revisit	16	10	200	62.49	4063232	11.2
p2_after_derived_scrub_revisit	16	10	200	70.176	4063232	9.9
p2_after_derived_scrub_revisit	16	10	200	92.243	4063232	15.7
p2_after_derived_scrub_revisit	16	10	200	79.588	4063232	11.9
p2_after_derived_scrub_revisit	16	10	200	70.365	4063232	6.7
p2_after_derived_scrub_revisit	16	10	200	73.37	4063232	10.7
p2_after_derived_scrub_revisit	16	10	200	73.573	4063232	10.3
p2_after_derived_scrub_revisit	16	10	200	73.6	4063232	10.7
p2_after_derived_scrub_revisit	16	10	200	67.572	4063232	10.1
p2_after_derived_scrub_revisit	16	10	200	65.173	4063232	10.0
p2_after_derived_scrub_revisit	16	10	200	74.38	4063232	11.4
p2_after_derived_scrub_revisit	16	10	200	60.147	4063232	10.2
p2_after_derived_scrub_revisit	16	10	200	57.842	4063232	10.3
p2_after_derived_scrub_revisit	16	10	200	34.989	4063232	9.3
p2_after_derived_scrub_revisit	16	10	200	52.833	4063232	10.2
p2_after_derived_scrub_revisit	16	10	200	58.324	4063232	10.5
p2_after_derived_scrub_revisit	16	10	200	35.407	4063232	9.4
p2_after_derived_scrub_revisit	16	10	200	73.762	4063232	12.7
p2_after_derived_scrub_revisit	16	10	200	56.174	4063232	12.8
p2_after_derived_scrub_revisit	16	10	200	38.219	4063232	9.0
p2_after_derived_scrub_revisit	16	10	200	32.237	4063232	10.0
p2_after_derived_scrub_revisit	16	10	200	79.797	4063232	6.3
p2_after_derived_scrub_revisit	16	10	200	84.043	4063232	58.7
p2_after_derived_scrub_revisit	16	10	200	85.332	4063232	60.3
p2_after_derived_scrub_revisit	16	10	200	81.014	4063232	58.2
p2_after_derived_scrub_revisit	16	10	200	86.152	4063232	59.7
p2_after_derived_scrub_revisit	16	10	200	83.205	4063232	59.0
p2_after_derived_scrub_revisit	16	10	200	80.226	4063232	9.0
p2_after_derived_scrub_revisit	16	10	200	89.398	4063232	60.1
p2_after_derived_scrub_revisit	16	10	200	94.05	4063232	61.1
p2_after_derived_scrub_revisit	16	10	200	88.172	4063232	60.0
p2_after_derived_scrub_revisit	16	10	200	83.23	4063232	10.2
p2_after_derived_scrub_revisit	16	10	200	86.96	4063232	10.6
p2_after_derived_scrub_revisit	16	10	200	91.705	4063232	11.4
p2_after_derived_scrub_revisit	16	10	200	86.015	4063232	10.3
p2_after_derived_scrub_revisit	16	10	200	85.239	4063232	10.1
p2_after_derived_scrub_revisit	16	60	200	84.952	4063232	10.5
p2_after_derived_scrub_revisit	16	60	200	75.67	4063232	6.4
p2_after_derived_scrub_revisit	16	60	200	76.705	4063232	5.3
p2_after_derived_scrub_revisit	16	60	200	77.381	4063232	48.1
p2_after_derived_scrub_revisit	16	60	200	78.698	4063232	51.5
p2_after_derived_scrub_revisit	16	60	200	79.941	4063232	9.6
p2_after_derived_scrub_revisit	16	60	200	81.418	4063232	9.1
p2_after_derived_scrub_revisit	16	60	200	82.382	4063232	9.5
p2_after_derived_scrub_revisit	16	60	200	81.693	4063232	8.0
p2_after_derived_scrub_revisit	16	60	200	85.646	4063232	11.0
p2_after_derived_scrub_revisit	16	60	200	76.144	4063232	9.1
p2_after_derived_scrub_revisit	16	60	200	87.413	4063232	10.6
p2_after_derived_scrub_revisit	16	60	200	87.62	4063232	10.5
p2_after_derived_scrub_revisit	16	60	200	88.115	4063232	10.9
p2_after_derived_scrub_revisit	16	60	200	86.774	4063232	10.9
p2_after_derived_scrub_revisit	16	60	200	39.675	4063232	11.6
p2_after_derived_scrub_revisit	16	60	200	38.412	4063232	10.6
p2_after_derived_scrub_revisit	16	60	200	36.382	4063232	10.1
p2_after_derived_scrub_revisit	16	60	200	97.979	4063232	19.1
p2_after_derived_scrub_revisit	16	60	200	106.675	4063232	23.9
p2_after_derived_scrub_revisit	16	60	200	40.399	4063232	8.6
p2_after_derived_scrub_revisit	16	60	200	40.665	4063232	9.6
p2_after_derived_scrub_revisit	16	60	200	40.673	4063232	7.2
p2_after_derived_scrub_revisit	16	60	200	42	4063232	5.7
p2_after_derived_scrub_revisit	16	60	200	44.962	4063232	5.9
p2_after_derived_scrub_revisit	16	60	200	48.953	4063232	6.3
p2_after_derived_scrub_revisit	16	60	200	50.582	4063232	10.2
p2_after_derived_scrub_revisit	16	60	200	47.306	4063232	8.0
p2_after_derived_scrub_revisit	16	60	200	46.578	4063232	9.4
p2_after_derived_scrub_revisit	16	60	200	59.747	4063232	10.8
p2_after_derived_scrub_revisit	16	60	200	61.738	4063232	10.5
p2_after_derived_scrub_revisit	16	60	200	61.762	4063232	10.4
p2_after_derived_scrub_revisit	16	60	200	64.079	4063232	10.5
p2_after_derived_scrub_revisit	16	60	200	62.146	4063232	8.5
p2_after_derived_scrub_revisit	16	60	200	63.674	4063232	9.5
p2_after_derived_scrub_revisit	16	60	200	65.231	4063232	11.2
p2_after_derived_scrub_revisit	16	60	200	66.955	4063232	9.5
p2_after_derived_scrub_revisit	16	60	200	64.377	4063232	6.3
p2_after_derived_scrub_revisit	16	60	200	80.253	4063232	8.0
p2_after_derived_scrub_revisit	16	60	200	77.56	4063232	6.3
p2_after_derived_scrub_revisit	16	60	200	77.156	4063232	5.5
p2_after_derived_scrub_revisit	16	60	200	75.096	4063232	5.4
p2_after_derived_scrub_revisit	16	60	200	75.187	4063232	18.6
p2_after_derived_scrub_revisit	16	60	200	74.688	4063232	6.3
p2_after_derived_scrub_revisit	16	60	200	71.969	4063232	6.7
p2_after_derived_scrub_revisit	16	60	200	70.095	4063232	8.4
p2_after_derived_scrub_revisit	16	60	200	64.702	4063232	9.4
p2_after_derived_scrub_revisit	16	60	200	63.916	4063232	9.5
p2_after_derived_scrub_revisit	16	60	200	59.369	4063232	9.4
p2_after_derived_scrub_revisit	16	60	200	59.703	4063232	9.7
p2_after_derived_scrub_revisit	16	60	200	82.168	4063232	14.4
p2_after_derived_scrub_revisit	16	60	200	62.319	4063232	10.0
p2_after_derived_scrub_revisit	16	60	200	77.761	4063232	14.8
p2_after_derived_scrub_revisit	16	60	200	63.954	4063232	9.6
p2_after_derived_scrub_revisit	16	60	200	53.168	4063232	9.7
p2_after_derived_scrub_revisit	16	60	200	53.846	4063232	10.5
p2_after_derived_scrub_revisit	16	60	200	52.021	4063232	6.7
p2_after_derived_scrub_revisit	16	60	200	51.805	4063232	5.6
p2_after_derived_scrub_revisit	16	60	200	52.007	4063232	5.6
p2_after_derived_scrub_revisit	16	60	200	54.898	4063232	7.6
p2_after_derived_scrub_revisit	16	60	200	55.826	4063232	5.6
p2_after_derived_scrub_revisit	16	60	200	55.691	4063232	7.1
p2_after_derived_scrub_revisit	16	60	200	72.968	4063232	9.2
p2_after_derived_scrub_revisit	16	60	200	69.998	4063232	5.7
p2_after_derived_scrub_revisit	16	110	200	64.878	4063232	6.6
p2_after_derived_scrub_revisit	16	110	200	73.328	4063232	13.3
p2_after_derived_scrub_revisit	16	110	200	70.462	4063232	11.3
p2_after_derived_scrub_revisit	16	110	200	70.452	4063232	11.9
p2_after_derived_scrub_revisit	16	110	200	68.645	4063232	13.9
p2_after_derived_scrub_revisit	16	110	200	69.397	4063232	13.6
p2_after_derived_scrub_revisit	16	110	200	65.668	4063232	19.2
p2_after_derived_scrub_revisit	16	110	200	76.842	4063232	27.2
p2_after_derived_scrub_revisit	16	110	200	70.871	4063232	19.4
p2_after_derived_scrub_revisit	16	110	200	70.338	4063232	5.4
p2_after_derived_scrub_revisit	16	110	200	68.713	4063232	5.8
p2_after_derived_scrub_revisit	16	110	200	66.227	4063232	6.3
p2_after_derived_scrub_revisit	16	110	200	67.49	4063232	5.2
p2_after_derived_scrub_revisit	16	110	200	68.365	4063232	7.9
p2_after_derived_scrub_revisit	16	110	200	58.644	4063232	7.0
p2_after_derived_scrub_revisit	16	110	200	59.873	4063232	6.6
p2_after_derived_scrub_revisit	16	110	200	61.046	4063232	6.2
p2_after_derived_scrub_revisit	16	110	200	72.394	4063232	9.2
p2_after_derived_scrub_revisit	16	110	200	71.562	4063232	7.3
p2_after_derived_scrub_revisit	16	110	200	65.566	4063232	6.0
p2_after_derived_scrub_revisit	16	110	200	74.141	4063232	7.8
p2_after_derived_scrub_revisit	16	110	200	72.247	4063232	9.6
p2_after_derived_scrub_revisit	16	110	200	69.805	4063232	6.3
p2_after_derived_scrub_revisit	16	110	200	69.433	4063232	6.4
p2_after_derived_scrub_revisit	16	110	200	64.491	4063232	7.4
p2_after_derived_scrub_revisit	16	110	200	62.446	4063232	17.8
p2_after_derived_scrub_revisit	16	110	200	57.846	4063232	17.4
p2_after_derived_scrub_revisit	16	110	200	73.687	4063232	20.4
p2_after_derived_scrub_revisit	16	110	200	68.985	4063232	20.0
p2_after_derived_scrub_revisit	16	110	200	63.714	4063232	5.3
p2_after_derived_scrub_revisit	16	110	200	64.706	4063232	5.1
p2_after_derived_scrub_revisit	16	110	200	62.88	4063232	5.4
p2_after_derived_scrub_revisit	16	110	200	70.064	4063232	7.6
p2_after_derived_scrub_revisit	16	110	200	96.444	4063232	6.8
p2_after_derived_scrub_revisit	16	110	200	95.973	4063232	6.9
p2_after_derived_scrub_revisit	16	110	200	94.129	4063232	7.3
p2_after_derived_scrub_revisit	16	110	200	94.902	4063232	7.0
p2_after_derived_scrub_revisit	16	110	200	95.076	4063232	8.8
p2_after_derived_scrub_revisit	16	110	200	93.597	4063232	8.6
p2_after_derived_scrub_revisit	16	110	200	96.958	4063232	11.3
p2_after_derived_scrub_revisit	16	110	200	95.974	4063232	10.4
p2_after_derived_scrub_revisit	16	110	200	92.435	4063232	10.0
p2_after_derived_scrub_revisit	16	110	200	91.958	4063232	8.4
p2_after_derived_scrub_revisit	16	110	200	82.843	4063232	6.2
p2_after_derived_scrub_revisit	16	110	200	89.042	4063232	9.5
p2_after_derived_scrub_revisit	16	110	200	93.864	4063232	10.5
p2_after_derived_scrub_revisit	16	110	200	83.314	4063232	8.6
p2_after_derived_scrub_revisit	16	110	200	120.596	4063232	5.5
p2_after_derived_scrub_revisit	16	110	200	119.313	4063232	5.5
p2_after_derived_scrub_revisit	16	110	200	70.624	4063232	6.4
p2_after_derived_scrub_revisit	16	110	200	75.106	4063232	7.6
p2_after_derived_scrub_revisit	16	110	200	79.986	4063232	8.3
p2_after_derived_scrub_revisit	16	110	200	73.866	4063232	7.5
p2_after_derived_scrub_revisit	16	110	200	74.395	4063232	48.9
p2_after_derived_scrub_revisit	16	110	200	74.645	4063232	46.1
p2_after_derived_scrub_revisit	16	110	200	75.54	4063232	47.8
p2_after_derived_scrub_revisit	16	110	200	76.02	4063232	49.9
p2_after_derived_scrub_revisit	16	110	200	76.36	4063232	8.7
p2_after_derived_scrub_revisit	16	110	200	74.495	4063232	9.0
p2_after_derived_scrub_revisit	16	110	200	78.086	4063232	9.4
p2_after_derived_scrub_revisit	16	110	200	75.89	4063232	8.8
p2_after_derived_scrub_revisit	16	110	200	73.816	4063232	6.4
p2_after_derived_scrub_revisit	16	110	200	78.307	4063232	7.4
p2_after_derived_scrub_revisit	16	110	200	37.456	4063232	9.6
p2_after_derived_scrub_revisit	16	160	200	32.984	4063232	5.9
p2_after_derived_scrub_revisit	16	160	200	39.1	4063232	8.8
p2_after_derived_scrub_revisit	16	160	200	34.758	4063232	6.3
p2_after_derived_scrub_revisit	16	160	200	41.229	4063232	9.5
p2_after_derived_scrub_revisit	16	160	200	37.567	4063232	7.6
p2_after_derived_scrub_revisit	16	160	200	38.601	4063232	9.2
p2_after_derived_scrub_revisit	16	160	200	39.707	4063232	7.6
p2_after_derived_scrub_revisit	16	160	200	40.93	4063232	5.6
p2_after_derived_scrub_revisit	16	160	200	42.76	4063232	5.4
p2_after_derived_scrub_revisit	16	160	200	45.501	4063232	5.3
p2_after_derived_scrub_revisit	16	160	200	47.477	4063232	5.6
p2_after_derived_scrub_revisit	16	160	200	50.233	4063232	5.4
p2_after_derived_scrub_revisit	16	160	200	52.659	4063232	6.7
p2_after_derived_scrub_revisit	16	160	200	54.091	4063232	5.7
p2_after_derived_scrub_revisit	16	160	200	56.45	4063232	8.2
p2_after_derived_scrub_revisit	16	160	200	57.289	4063232	5.4
p2_after_derived_scrub_revisit	16	160	200	59.425	4063232	8.4
p2_after_derived_scrub_revisit	16	160	200	61.622	4063232	8.7
p2_after_derived_scrub_revisit	16	160	200	63.923	4063232	5.2
p2_after_derived_scrub_revisit	16	160	200	65.516	4063232	8.6
p2_after_derived_scrub_revisit	16	160	200	68.18	4063232	6.0
p2_after_derived_scrub_revisit	16	160	200	69.277	4063232	5.5
p2_after_derived_scrub_revisit	16	160	200	77.976	4063232	5.3
p2_after_derived_scrub_revisit	16	160	200	71.768	4063232	6.0
p2_after_derived_scrub_revisit	16	160	200	77.764	4063232	7.0
p2_after_derived_scrub_revisit	16	160	200	70.891	4063232	5.5
p2_after_derived_scrub_revisit	16	160	200	68.366	4063232	8.3
p2_after_derived_scrub_revisit	16	160	200	66.286	4063232	5.4
p2_after_derived_scrub_revisit	16	160	200	64.087	4063232	14.2
p2_after_derived_scrub_revisit	16	160	200	62.797	4063232	13.7
p2_after_derived_scrub_revisit	16	160	200	55.994	4063232	5.7
p2_after_derived_scrub_revisit	16	160	200	62.681	4063232	17.3
p2_after_derived_scrub_revisit	16	160	200	55.589	4063232	6.6
p2_after_derived_scrub_revisit	16	160	200	49.758	4063232	6.1
p2_after_derived_scrub_revisit	16	160	200	56.432	4063232	9.9
p2_after_derived_scrub_revisit	16	160	200	45.253	4063232	8.8
p2_after_derived_scrub_revisit	16	160	200	51.661	4063232	9.1
p2_after_derived_scrub_revisit	16	160	200	43.715	4063232	6.8
p2_after_derived_scrub_revisit	16	160	200	34.401	4063232	6.6
p2_after_derived_scrub_revisit	16	160	200	34.478	4063232	7.1
p2_after_derived_scrub_revisit	16	160	200	35.447	4063232	9.0
p2_after_derived_scrub_revisit	16	160	200	34.906	4063232	6.1
p2_after_derived_scrub_revisit	16	160	200	35.052	4063232	9.5
p2_after_derived_scrub_revisit	16	160	200	30.346	4063232	6.7
p2_after_derived_scrub_revisit	16	160	200	37.824	4063232	9.4
p2_after_derived_scrub_revisit	16	160	200	37.848	4063232	8.2
p2_after_derived_scrub_revisit	16	160	200	45.825	4063232	7.1
p2_after_derived_scrub_revisit	16	160	200	43.949	4063232	6.3
p2_after_derived_scrub_revisit	16	160	200	49.506	4063232	9.5
p2_after_derived_scrub_revisit	16	160	200	46.679	4063232	6.5
p2_after_derived_scrub_revisit	16	160	200	46.789	4063232	6.3
p2_after_derived_scrub_revisit	16	160	200	46.31	4063232	6.5
p2_after_derived_scrub_revisit	16	160	200	47.326	4063232	7.3
p2_after_derived_scrub_revisit	16	160	200	48.075	4063232	15.2
p2_after_derived_scrub_revisit	16	160	200	44.514	4063232	14.8
p2_after_derived_scrub_revisit	16	160	200	52.945	4063232	16.3
p2_after_derived_scrub_revisit	16	160	200	54.22	4063232	18.5
p2_after_derived_scrub_revisit	16	160	200	52.068	4063232	5.7
p2_after_derived_scrub_revisit	16	160	200	51.328	4063232	5.9
p2_after_derived_scrub_revisit	16	160	200	50.417	4063232	11.5
p2_after_derived_scrub_revisit	16	160	200	34.121	4063232	6.1
p2_after_derived_scrub_revisit	16	160	200	48.277	4063232	8.5
p2_after_derived_scrub_revisit	16	160	200	52.079	4063232	11.9
p2_after_derived_scrub_revisit	16	160	200	36.013	4063232	7.5
