p2_after_raw_scrub_cold	16	10	200	89.238	4063232	71.2
p2_after_raw_scrub_cold	16	10	200	94.138	4063232	60.0
p2_after_raw_scrub_cold	16	10	200	99.05	4063232	61.7
p2_after_raw_scrub_cold	16	10	200	103.783	4063232	72.9
p2_after_raw_scrub_cold	16	10	200	108.244	4063232	70.9
p2_after_raw_scrub_cold	16	10	200	160.042	4063232	62.8
p2_after_raw_scrub_cold	16	10	200	169.995	4063232	72.8
p2_after_raw_scrub_cold	16	10	200	174.572	4063232	72.1
p2_after_raw_scrub_cold	16	10	200	179.166	4063232	51.8
p2_after_raw_scrub_cold	16	10	200	183.755	4063232	67.7
p2_after_raw_scrub_cold	16	10	200	188.033	4063232	78.1
p2_after_raw_scrub_cold	16	10	200	191.997	4063232	56.9
p2_after_raw_scrub_cold	16	10	200	196.15	4063232	79.3
p2_after_raw_scrub_cold	16	10	200	200.722	4063232	62.1
p2_after_raw_scrub_cold	16	10	200	206.313	4063232	74.7
p2_after_raw_scrub_cold	16	10	200	211.508	4063232	85.1
p2_after_raw_scrub_cold	16	10	200	206.318	4063232	71.4
p2_after_raw_scrub_cold	16	10	200	219.009	4063232	73.9
p2_after_raw_scrub_cold	16	10	200	207.157	4063232	68.7
p2_after_raw_scrub_cold	16	10	200	115.946	4063232	69.7
p2_after_raw_scrub_cold	16	10	200	226.391	4063232	73.0
p2_after_raw_scrub_cold	16	10	200	158.647	4063232	71.9
p2_after_raw_scrub_cold	16	10	200	143.178	4063232	71.4
p2_after_raw_scrub_cold	16	10	200	191.646	4063232	74.4
p2_after_raw_scrub_cold	16	10	200	262.621	4063232	69.5
p2_after_raw_scrub_cold	16	10	200	209.296	4063232	74.9
p2_after_raw_scrub_cold	16	10	200	198.404	4063232	74.6
p2_after_raw_scrub_cold	16	10	200	223.323	4063232	75.8
p2_after_raw_scrub_cold	16	10	200	224.578	4063232	75.4
p2_after_raw_scrub_cold	16	10	200	237.682	4063232	77.4
p2_after_raw_scrub_cold	16	10	200	257.684	4063232	78.2
p2_after_raw_scrub_cold	16	10	200	238.472	4063232	77.1
p2_after_raw_scrub_cold	16	10	200	60.924	4063232	16.0
p2_after_raw_scrub_cold	16	10	200	236.968	4063232	10.1
p2_after_raw_scrub_cold	16	10	200	229.373	4063232	13.0
p2_after_raw_scrub_cold	16	10	200	180.911	4063232	12.4
p2_after_raw_scrub_cold	16	10	200	193.138	4063232	15.0
p2_after_raw_scrub_cold	16	10	200	199.402	4063232	16.5
p2_after_raw_scrub_cold	16	10	200	244.083	4063232	17.5
p2_after_raw_scrub_cold	16	10	200	227.213	4063232	17.1
p2_after_raw_scrub_cold	16	10	200	277.94	4063232	20.0
p2_after_raw_scrub_cold	16	10	200	297.294	4063232	21.3
p2_after_raw_scrub_cold	16	10	200	321.581	4063232	22.7
p2_after_raw_scrub_cold	16	10	200	278.194	4063232	85.4
p2_after_raw_scrub_cold	16	10	200	218.289	4063232	72.9
p2_after_raw_scrub_cold	16	10	200	216.224	4063232	81.0
p2_after_raw_scrub_cold	16	10	200	208.681	4063232	76.3
p2_after_raw_scrub_cold	16	10	200	204.113	4063232	80.3
p2_after_raw_scrub_cold	16	10	200	188.969	4063232	11.4
p2_after_raw_scrub_cold	16	10	200	128.48	4063232	12.5
p2_after_raw_scrub_cold	16	10	200	116.277	4063232	20.2
p2_after_raw_scrub_cold	16	10	200	124.045	4063232	21.2
p2_after_raw_scrub_cold	16	10	200	53.318	4063232	21.1
p2_after_raw_scrub_cold	16	10	200	115.247	4063232	25.4
p2_after_raw_scrub_cold	16	10	200	140.341	4063232	27.2
p2_after_raw_scrub_cold	16	10	200	128.705	4063232	27.2
p2_after_raw_scrub_cold	16	10	200	66.835	4063232	23.3
p2_after_raw_scrub_cold	16	10	200	65.887	4063232	23.2
p2_after_raw_scrub_cold	16	10	200	80.184	4063232	27.8
p2_after_raw_scrub_cold	16	10	200	111.842	4063232	23.6
p2_after_raw_scrub_cold	16	10	200	123.341	4063232	24.5
p2_after_raw_scrub_cold	16	10	200	121.468	4063232	25.0
p2_after_raw_scrub_cold	16	10	200	118.984	4063232	27.0
p2_after_raw_scrub_cold	16	10	200	121.415	4063232	24.6
p2_after_raw_scrub_cold	16	60	200	171.497	4063232	83.2
p2_after_raw_scrub_cold	16	60	200	194.18	4063232	178.5
p2_after_raw_scrub_cold	16	60	200	188.079	4063232	88.3
p2_after_raw_scrub_cold	16	60	200	217.311	4063232	186.9
p2_after_raw_scrub_cold	16	60	200	203.184	4063232	169.2
p2_after_raw_scrub_cold	16	60	200	203.223	4063232	102.3
p2_after_raw_scrub_cold	16	60	200	119.671	4063232	12.3
p2_after_raw_scrub_cold	16	60	200	124.663	4063232	68.2
p2_after_raw_scrub_cold	16	60	200	198.453	4063232	88.6
p2_after_raw_scrub_cold	16	60	200	195.666	4063232	69.6
p2_after_raw_scrub_cold	16	60	200	188.496	4063232	69.3
p2_after_raw_scrub_cold	16	60	200	124.333	4063232	13.0
p2_after_raw_scrub_cold	16	60	200	198.957	4063232	71.5
p2_after_raw_scrub_cold	16	60	200	144.965	4063232	72.5
p2_after_raw_scrub_cold	16	60	200	194.662	4063232	73.3
p2_after_raw_scrub_cold	16	60	200	146.723	4063232	74.9
p2_after_raw_scrub_cold	16	60	200	48.033	4063232	8.4
p2_after_raw_scrub_cold	16	60	200	60.785	4063232	12.1
p2_after_raw_scrub_cold	16	60	200	59.591	4063232	23.4
p2_after_raw_scrub_cold	16	60	200	35.368	4063232	10.0
p2_after_raw_scrub_cold	16	60	200	47.17	4063232	22.3
p2_after_raw_scrub_cold	16	60	200	56.352	4063232	24.3
p2_after_raw_scrub_cold	16	60	200	61.782	4063232	25.0
p2_after_raw_scrub_cold	16	60	200	57.357	4063232	24.7
p2_after_raw_scrub_cold	16	60	200	42.684	4063232	13.4
p2_after_raw_scrub_cold	16	60	200	50.499	4063232	14.6
p2_after_raw_scrub_cold	16	60	200	76.183	4063232	29.0
p2_after_raw_scrub_cold	16	60	200	61.046	4063232	17.1
p2_after_raw_scrub_cold	16	60	200	70.72	4063232	29.0
p2_after_raw_scrub_cold	16	60	200	66.462	4063232	19.7
p2_after_raw_scrub_cold	16	60	200	64.277	4063232	19.4
p2_after_raw_scrub_cold	16	60	200	59.088	4063232	20.3
p2_after_raw_scrub_cold	16	60	200	56.39	4063232	17.5
p2_after_raw_scrub_cold	16	60	200	37.507	4063232	10.5
p2_after_raw_scrub_cold	16	60	200	48.782	4063232	17.6
p2_after_raw_scrub_cold	16	60	200	107.15	4063232	11.4
p2_after_raw_scrub_cold	16	60	200	109.769	4063232	6.2
p2_after_raw_scrub_cold	16	60	200	116.633	4063232	6.7
p2_after_raw_scrub_cold	16	60	200	119.054	4063232	6.6
p2_after_raw_scrub_cold	16	60	200	121.081	4063232	6.3
p2_after_raw_scrub_cold	16	60	200	122.319	4063232	6.5
p2_after_raw_scrub_cold	16	60	200	123.315	4063232	54.3
p2_after_raw_scrub_cold	16	60	200	123.593	4063232	54.4
p2_after_raw_scrub_cold	16	60	200	121.535	4063232	10.3
p2_after_raw_scrub_cold	16	60	200	128.869	4063232	12.1
p2_after_raw_scrub_cold	16	60	200	131.098	4063232	13.2
p2_after_raw_scrub_cold	16	60	200	133.456	4063232	14.5
p2_after_raw_scrub_cold	16	60	200	134.419	4063232	7.8
p2_after_raw_scrub_cold	16	60	200	136.362	4063232	7.7
p2_after_raw_scrub_cold	16	60	200	140.211	4063232	13.1
p2_after_raw_scrub_cold	16	60	200	80.687	4063232	6.7
p2_after_raw_scrub_cold	16	60	200	81.806	4063232	6.4
p2_after_raw_scrub_cold	16	60	200	76.754	4063232	8.4
p2_after_raw_scrub_cold	16	60	200	164.576	4063232	6.8
p2_after_raw_scrub_cold	16	60	200	77.192	4063232	11.9
p2_after_raw_scrub_cold	16	60	200	115.481	4063232	11.1
p2_after_raw_scrub_cold	16	60	200	128.007	4063232	21.6
p2_after_raw_scrub_cold	16	60	200	124.579	4063232	12.1
p2_after_raw_scrub_cold	16	60	200	125.568	4063232	17.8
p2_after_raw_scrub_cold	16	60	200	121.619	4063232	12.8
p2_after_raw_scrub_cold	16	60	200	117.344	4063232	6.8
p2_after_raw_scrub_cold	16	60	200	123.517	4063232	11.2
p2_after_raw_scrub_cold	16	60	200	117.761	4063232	8.7
p2_after_raw_scrub_cold	16	60	200	114.719	4063232	8.5
p2_after_raw_scrub_cold	16	110	200	67.11	4063232	48.6
p2_after_raw_scrub_cold	16	110	200	141.424	4063232	54.6
p2_after_raw_scrub_cold	16	110	200	90.96	4063232	50.1
p2_after_raw_scrub_cold	16	110	200	95.813	4063232	50.2
p2_after_raw_scrub_cold	16	110	200	156.072	4063232	50.7
p2_after_raw_scrub_cold	16	110	200	198.813	4063232	129.1
p2_after_raw_scrub_cold	16	110	200	107.439	4063232	50.4
p2_after_raw_scrub_cold	16	110	200	142.154	4063232	48.6
p2_after_raw_scrub_cold	16	110	200	235.573	4063232	66.7
p2_after_raw_scrub_cold	16	110	200	233.991	4063232	62.3
p2_after_raw_scrub_cold	16	110	200	166.695	4063232	51.3
p2_after_raw_scrub_cold	16	110	200	166.303	4063232	51.8
p2_after_raw_scrub_cold	16	110	200	168.422	4063232	51.9
p2_after_raw_scrub_cold	16	110	200	263.178	4063232	127.5
p2_after_raw_scrub_cold	16	110	200	249.854	4063232	59.0
p2_after_raw_scrub_cold	16	110	200	178.666	4063232	54.2
p2_after_raw_scrub_cold	16	110	200	161.607	4063232	7.2
p2_after_raw_scrub_cold	16	110	200	162.186	4063232	11.3
p2_after_raw_scrub_cold	16	110	200	150.364	4063232	13.2
p2_after_raw_scrub_cold	16	110	200	128.231	4063232	11.7
p2_after_raw_scrub_cold	16	110	200	198.673	4063232	13.5
p2_after_raw_scrub_cold	16	110	200	124.231	4063232	12.3
p2_after_raw_scrub_cold	16	110	200	152.447	4063232	14.1
p2_after_raw_scrub_cold	16	110	200	224.201	4063232	17.5
p2_after_raw_scrub_cold	16	110	200	133.491	4063232	14.7
p2_after_raw_scrub_cold	16	110	200	153.632	4063232	19.6
p2_after_raw_scrub_cold	16	110	200	129.597	4063232	20.4
p2_after_raw_scrub_cold	16	110	200	225.086	4063232	24.5
p2_after_raw_scrub_cold	16	110	200	130.66	4063232	28.8
p2_after_raw_scrub_cold	16	110	200	221.637	4063232	79.0
p2_after_raw_scrub_cold	16	110	200	155.284	4063232	78.5
p2_after_raw_scrub_cold	16	110	200	165.07	4063232	87.5
p2_after_raw_scrub_cold	16	110	200	100.816	4063232	8.6
p2_after_raw_scrub_cold	16	110	200	100.068	4063232	11.6
p2_after_raw_scrub_cold	16	110	200	94.878	4063232	11.1
p2_after_raw_scrub_cold	16	110	200	54.254	4063232	7.3
p2_after_raw_scrub_cold	16	110	200	53.059	4063232	8.8
p2_after_raw_scrub_cold	16	110	200	53.387	4063232	10.0
p2_after_raw_scrub_cold	16	110	200	58.778	4063232	12.1
p2_after_raw_scrub_cold	16	110	200	56.6	4063232	22.2
p2_after_raw_scrub_cold	16	110	200	56.767	4063232	21.9
p2_after_raw_scrub_cold	16	110	200	48.124	4063232	21.9
p2_after_raw_scrub_cold	16	110	200	55.999	4063232	23.0
p2_after_raw_scrub_cold	16	110	200	59.419	4063232	23.5
p2_after_raw_scrub_cold	16	110	200	63.211	4063232	24.2
p2_after_raw_scrub_cold	16	110	200	58.569	4063232	23.4
p2_after_raw_scrub_cold	16	110	200	57.62	4063232	24.0
p2_after_raw_scrub_cold	16	110	200	64.745	4063232	14.0
p2_after_raw_scrub_cold	16	110	200	65.022	4063232	13.9
p2_after_raw_scrub_cold	16	110	200	64.952	4063232	14.2
p2_after_raw_scrub_cold	16	110	200	66.984	4063232	14.6
p2_after_raw_scrub_cold	16	110	200	57.953	4063232	12.5
p2_after_raw_scrub_cold	16	110	200	62.013	4063232	20.8
p2_after_raw_scrub_cold	16	110	200	90.543	4063232	8.2
p2_after_raw_scrub_cold	16	110	200	116.141	4063232	19.1
p2_after_raw_scrub_cold	16	110	200	124.204	4063232	20.8
p2_after_raw_scrub_cold	16	110	200	126.005	4063232	11.8
p2_after_raw_scrub_cold	16	110	200	131.323	4063232	12.4
p2_after_raw_scrub_cold	16	110	200	178.811	4063232	8.1
p2_after_raw_scrub_cold	16	110	200	188.163	4063232	16.4
p2_after_raw_scrub_cold	16	110	200	186.648	4063232	8.0
p2_after_raw_scrub_cold	16	110	200	195.1	4063232	13.1
p2_after_raw_scrub_cold	16	110	200	178.475	4063232	6.4
p2_after_raw_scrub_cold	16	110	200	199.964	4063232	12.1
p2_after_raw_scrub_cold	16	160	200	217.501	4063232	127.4
p2_after_raw_scrub_cold	16	160	200	204.377	4063232	40.7
p2_after_raw_scrub_cold	16	160	200	143.079	4063232	35.1
p2_after_raw_scrub_cold	16	160	200	160.158	4063232	36.0
p2_after_raw_scrub_cold	16	160	200	157.309	4063232	35.9
p2_after_raw_scrub_cold	16	160	200	235.252	4063232	123.6
p2_after_raw_scrub_cold	16	160	200	70.576	4063232	13.8
p2_after_raw_scrub_cold	16	160	200	157.292	4063232	37.5
p2_after_raw_scrub_cold	16	160	200	74.494	4063232	15.0
p2_after_raw_scrub_cold	16	160	200	99.093	4063232	17.8
p2_after_raw_scrub_cold	16	160	200	298.583	4063232	65.1
p2_after_raw_scrub_cold	16	160	200	298.099	4063232	50.9
p2_after_raw_scrub_cold	16	160	200	217.59	4063232	40.8
p2_after_raw_scrub_cold	16	160	200	156.467	4063232	19.3
p2_after_raw_scrub_cold	16	160	200	155.952	4063232	19.5
p2_after_raw_scrub_cold	16	160	200	174.202	4063232	42.2
p2_after_raw_scrub_cold	16	160	200	122.019	4063232	9.4
p2_after_raw_scrub_cold	16	160	200	90.503	4063232	14.8
p2_after_raw_scrub_cold	16	160	200	123.502	4063232	11.4
p2_after_raw_scrub_cold	16	160	200	142.161	4063232	13.7
p2_after_raw_scrub_cold	16	160	200	134.475	4063232	12.6
p2_after_raw_scrub_cold	16	160	200	204.343	4063232	13.4
p2_after_raw_scrub_cold	16	160	200	212.346	4063232	17.1
p2_after_raw_scrub_cold	16	160	200	194.708	4063232	15.9
p2_after_raw_scrub_cold	16	160	200	203.444	4063232	17.0
p2_after_raw_scrub_cold	16	160	200	197.308	4063232	11.0
p2_after_raw_scrub_cold	16	160	200	136.096	4063232	15.6
p2_after_raw_scrub_cold	16	160	200	142.322	4063232	16.8
p2_after_raw_scrub_cold	16	160	200	117.056	4063232	14.7
p2_after_raw_scrub_cold	16	160	200	130.183	4063232	15.9
p2_after_raw_scrub_cold	16	160	200	142.141	4063232	19.0
p2_after_raw_scrub_cold	16	160	200	170.264	4063232	32.9
p2_after_raw_scrub_cold	16	160	200	161.631	4063232	91.1
p2_after_raw_scrub_cold	16	160	200	137.93	4063232	6.8
p2_after_raw_scrub_cold	16	160	200	130.948	4063232	7.2
p2_after_raw_scrub_cold	16	160	200	126.2	4063232	6.8
p2_after_raw_scrub_cold	16	160	200	138.129	4063232	10.4
p2_after_raw_scrub_cold	16	160	200	74.899	4063232	9.4
p2_after_raw_scrub_cold	16	160	200	64.727	4063232	9.0
p2_after_raw_scrub_cold	16	160	200	75.534	4063232	9.6
p2_after_raw_scrub_cold	16	160	200	84.477	4063232	15.5
p2_after_raw_scrub_cold	16	160	200	76.934	4063232	26.1
p2_after_raw_scrub_cold	16	160	200	74.875	4063232	25.9
p2_after_raw_scrub_cold	16	160	200	75.281	4063232	24.3
p2_after_raw_scrub_cold	16	160	200	75.063	4063232	25.4
p2_after_raw_scrub_cold	16	160	200	75.944	4063232	27.0
p2_after_raw_scrub_cold	16	160	200	70.052	4063232	23.3
p2_after_raw_scrub_cold	16	160	200	54.565	4063232	10.7
p2_after_raw_scrub_cold	16	160	200	63.603	4063232	9.8
p2_after_raw_scrub_cold	16	160	200	78.143	4063232	13.7
p2_after_raw_scrub_cold	16	160	200	77.141	4063232	15.5
p2_after_raw_scrub_cold	16	160	200	67.944	4063232	10.4
p2_after_raw_scrub_cold	16	160	200	52.108	4063232	12.2
p2_after_raw_scrub_cold	16	160	200	52.135	4063232	19.7
p2_after_raw_scrub_cold	16	160	200	53.876	4063232	20.6
p2_after_raw_scrub_cold	16	160	200	55.422	4063232	21.0
p2_after_raw_scrub_cold	16	160	200	56.515	4063232	23.0
p2_after_raw_scrub_cold	16	160	200	57.065	4063232	9.5
p2_after_raw_scrub_cold	16	160	200	56.27	4063232	11.7
p2_after_raw_scrub_cold	16	160	200	195.018	4063232	12.6
p2_after_raw_scrub_cold	16	160	200	194.232	4063232	12.6
p2_after_raw_scrub_cold	16	160	200	189.467	4063232	10.8
p2_after_raw_scrub_cold	16	160	200	199.214	4063232	13.5
p2_after_raw_scrub_cold	16	160	200	206.618	4063232	17.7
