p2_after_raw_scrub_revisit	16	10	200	95.466	4063232	56.4
p2_after_raw_scrub_revisit	16	10	200	100.832	4063232	58.9
p2_after_raw_scrub_revisit	16	10	200	106.125	4063232	48.4
p2_after_raw_scrub_revisit	16	10	200	111.743	4063232	49.6
p2_after_raw_scrub_revisit	16	10	200	117.368	4063232	49.5
p2_after_raw_scrub_revisit	16	10	200	121.957	4063232	52.0
p2_after_raw_scrub_revisit	16	10	200	126.589	4063232	53.4
p2_after_raw_scrub_revisit	16	10	200	130.25	4063232	50.7
p2_after_raw_scrub_revisit	16	10	200	181.685	4063232	57.7
p2_after_raw_scrub_revisit	16	10	200	183.357	4063232	56.5
p2_after_raw_scrub_revisit	16	10	200	187.825	4063232	59.5
p2_after_raw_scrub_revisit	16	10	200	187.971	4063232	44.9
p2_after_raw_scrub_revisit	16	10	200	196.502	4063232	62.4
p2_after_raw_scrub_revisit	16	10	200	201.189	4063232	66.0
p2_after_raw_scrub_revisit	16	10	200	201.497	4063232	48.5
p2_after_raw_scrub_revisit	16	10	200	209.837	4063232	94.1
p2_after_raw_scrub_revisit	16	10	200	128.141	4063232	14.8
p2_after_raw_scrub_revisit	16	10	200	128.892	4063232	10.8
p2_after_raw_scrub_revisit	16	10	200	128.216	4063232	12.9
p2_after_raw_scrub_revisit	16	10	200	111.64	4063232	12.5
p2_after_raw_scrub_revisit	16	10	200	170.163	4063232	14.0
p2_after_raw_scrub_revisit	16	10	200	188.541	4063232	15.4
p2_after_raw_scrub_revisit	16	10	200	173.563	4063232	14.9
p2_after_raw_scrub_revisit	16	10	200	185.978	4063232	15.6
p2_after_raw_scrub_revisit	16	10	200	113.449	4063232	13.7
p2_after_raw_scrub_revisit	16	10	200	123.73	4063232	15.3
p2_after_raw_scrub_revisit	16	10	200	196.442	4063232	17.3
p2_after_raw_scrub_revisit	16	10	200	115.204	4063232	15.3
p2_after_raw_scrub_revisit	16	10	200	112.268	4063232	16.9
p2_after_raw_scrub_revisit	16	10	200	142.704	4063232	18.9
p2_after_raw_scrub_revisit	16	10	200	128.502	4063232	18.1
p2_after_raw_scrub_revisit	16	10	200	145.726	4063232	19.1
p2_after_raw_scrub_revisit	16	10	200	117.006	4063232	65.5
p2_after_raw_scrub_revisit	16	10	200	134.502	4063232	11.8
p2_after_raw_scrub_revisit	16	10	200	80.796	4063232	19.8
p2_after_raw_scrub_revisit	16	10	200	81.53	4063232	20.8
p2_after_raw_scrub_revisit	16	10	200	147.377	4063232	26.0
p2_after_raw_scrub_revisit	16	10	200	85.231	4063232	22.6
p2_after_raw_scrub_revisit	16	10	200	73.749	4063232	22.8
p2_after_raw_scrub_revisit	16	10	200	83.689	4063232	24.2
p2_after_raw_scrub_revisit	16	10	200	93.188	4063232	25.1
p2_after_raw_scrub_revisit	16	10	200	103.526	4063232	26.2
p2_after_raw_scrub_revisit	16	10	200	100.036	4063232	27.6
p2_after_raw_scrub_revisit	16	10	200	138.794	4063232	13.0
p2_after_raw_scrub_revisit	16	10	200	136.344	4063232	13.3
p2_after_raw_scrub_revisit	16	10	200	150.092	4063232	29.8
p2_after_raw_scrub_revisit	16	10	200	134.696	4063232	9.6
p2_after_raw_scrub_revisit	16	10	200	145.258	4063232	12.6
p2_after_raw_scrub_revisit	16	10	200	139.458	4063232	13.1
p2_after_raw_scrub_revisit	16	10	200	121.93	4063232	11.4
p2_after_raw_scrub_revisit	16	10	200	129.785	4063232	11.6
p2_after_raw_scrub_revisit	16	10	200	179.228	4063232	8.7
p2_after_raw_scrub_revisit	16	10	200	187.034	4063232	9.6
p2_after_raw_scrub_revisit	16	10	200	174.773	4063232	9.8
p2_after_raw_scrub_revisit	16	10	200	181.748	4063232	10.0
p2_after_raw_scrub_revisit	16	10	200	189.915	4063232	12.3
p2_after_raw_scrub_revisit	16	10	200	178.367	4063232	9.0
p2_after_raw_scrub_revisit	16	10	200	108.336	4063232	9.1
p2_after_raw_scrub_revisit	16	10	200	124.601	4063232	10.4
p2_after_raw_scrub_revisit	16	10	200	122.99	4063232	10.9
p2_after_raw_scrub_revisit	16	10	200	184.347	4063232	13.4
p2_after_raw_scrub_revisit	16	10	200	138.359	4063232	12.9
p2_after_raw_scrub_revisit	16	10	200	199.485	4063232	14.4
p2_after_raw_scrub_revisit	16	10	200	151.501	4063232	14.8
p2_after_raw_scrub_revisit	16	60	200	42.498	4063232	12.6
p2_after_raw_scrub_revisit	16	60	200	61.716	4063232	13.9
p2_after_raw_scrub_revisit	16	60	200	175.014	4063232	133.0
p2_after_raw_scrub_revisit	16	60	200	95.476	4063232	16.9
p2_after_raw_scrub_revisit	16	60	200	83.569	4063232	17.5
p2_after_raw_scrub_revisit	16	60	200	190.947	4063232	146.0
p2_after_raw_scrub_revisit	16	60	200	215.396	4063232	53.1
p2_after_raw_scrub_revisit	16	60	200	161.251	4063232	20.7
p2_after_raw_scrub_revisit	16	60	200	153.593	4063232	20.1
p2_after_raw_scrub_revisit	16	60	200	116.63	4063232	18.5
p2_after_raw_scrub_revisit	16	60	200	166.493	4063232	21.8
p2_after_raw_scrub_revisit	16	60	200	143.536	4063232	19.7
p2_after_raw_scrub_revisit	16	60	200	151.131	4063232	21.2
p2_after_raw_scrub_revisit	16	60	200	139.591	4063232	20.5
p2_after_raw_scrub_revisit	16	60	200	170.233	4063232	22.1
p2_after_raw_scrub_revisit	16	60	200	170.603	4063232	22.4
p2_after_raw_scrub_revisit	16	60	200	121.212	4063232	11.4
p2_after_raw_scrub_revisit	16	60	200	175.16	4063232	12.9
p2_after_raw_scrub_revisit	16	60	200	117.467	4063232	12.0
p2_after_raw_scrub_revisit	16	60	200	190.691	4063232	15.7
p2_after_raw_scrub_revisit	16	60	200	176.82	4063232	15.6
p2_after_raw_scrub_revisit	16	60	200	176.768	4063232	17.1
p2_after_raw_scrub_revisit	16	60	200	187.137	4063232	20.2
p2_after_raw_scrub_revisit	16	60	200	126.289	4063232	13.0
p2_after_raw_scrub_revisit	16	60	200	132.618	4063232	14.7
p2_after_raw_scrub_revisit	16	60	200	137.481	4063232	16.1
p2_after_raw_scrub_revisit	16	60	200	130.304	4063232	18.7
p2_after_raw_scrub_revisit	16	60	200	125.495	4063232	9.6
p2_after_raw_scrub_revisit	16	60	200	130.108	4063232	9.9
p2_after_raw_scrub_revisit	16	60	200	117.258	4063232	57.8
p2_after_raw_scrub_revisit	16	60	200	127.402	4063232	59.6
p2_after_raw_scrub_revisit	16	60	200	126.121	4063232	59.6
p2_after_raw_scrub_revisit	16	60	200	93.221	4063232	7.4
p2_after_raw_scrub_revisit	16	60	200	66.561	4063232	23.9
p2_after_raw_scrub_revisit	16	60	200	47.574	4063232	26.0
p2_after_raw_scrub_revisit	16	60	200	64.399	4063232	26.9
p2_after_raw_scrub_revisit	16	60	200	49.936	4063232	25.6
p2_after_raw_scrub_revisit	16	60	200	75.163	4063232	27.8
p2_after_raw_scrub_revisit	16	60	200	65.985	4063232	27.3
p2_after_raw_scrub_revisit	16	60	200	50.06	4063232	26.0
p2_after_raw_scrub_revisit	16	60	200	53.313	4063232	26.7
p2_after_raw_scrub_revisit	16	60	200	56.496	4063232	27.0
p2_after_raw_scrub_revisit	16	60	200	65.301	4063232	29.0
p2_after_raw_scrub_revisit	16	60	200	82.59	4063232	30.3
p2_after_raw_scrub_revisit	16	60	200	52.671	4063232	27.8
p2_after_raw_scrub_revisit	16	60	200	57.037	4063232	28.0
p2_after_raw_scrub_revisit	16	60	200	79.316	4063232	30.5
p2_after_raw_scrub_revisit	16	60	200	65.059	4063232	29.1
p2_after_raw_scrub_revisit	16	60	200	111.072	4063232	30.4
p2_after_raw_scrub_revisit	16	60	200	89.4	4063232	10.6
p2_after_raw_scrub_revisit	16	60	200	93.171	4063232	64.4
p2_after_raw_scrub_revisit	16	60	200	93.629	4063232	62.0
p2_after_raw_scrub_revisit	16	60	200	94.67	4063232	10.6
p2_after_raw_scrub_revisit	16	60	200	96.495	4063232	9.8
p2_after_raw_scrub_revisit	16	60	200	102.482	4063232	14.4
p2_after_raw_scrub_revisit	16	60	200	153.561	4063232	13.6
p2_after_raw_scrub_revisit	16	60	200	172.357	4063232	18.1
p2_after_raw_scrub_revisit	16	60	200	161.854	4063232	14.5
p2_after_raw_scrub_revisit	16	60	200	167.82	4063232	16.0
p2_after_raw_scrub_revisit	16	60	200	164.385	4063232	15.7
p2_after_raw_scrub_revisit	16	60	200	178.598	4063232	13.3
p2_after_raw_scrub_revisit	16	60	200	178.653	4063232	25.0
p2_after_raw_scrub_revisit	16	60	200	189.043	4063232	89.6
p2_after_raw_scrub_revisit	16	60	200	191.413	4063232	95.6
p2_after_raw_scrub_revisit	16	110	200	43.116	4063232	15.7
p2_after_raw_scrub_revisit	16	110	200	144.905	4063232	123.7
p2_after_raw_scrub_revisit	16	110	200	144.586	4063232	124.2
p2_after_raw_scrub_revisit	16	110	200	49.809	4063232	16.6
p2_after_raw_scrub_revisit	16	110	200	131.312	4063232	27.4
p2_after_raw_scrub_revisit	16	110	200	146.077	4063232	115.3
p2_after_raw_scrub_revisit	16	110	200	143.838	4063232	108.6
p2_after_raw_scrub_revisit	16	110	200	65.421	4063232	20.3
p2_after_raw_scrub_revisit	16	110	200	53.725	4063232	13.9
p2_after_raw_scrub_revisit	16	110	200	60.8	4063232	16.0
p2_after_raw_scrub_revisit	16	110	200	160.469	4063232	119.7
p2_after_raw_scrub_revisit	16	110	200	64.142	4063232	16.8
p2_after_raw_scrub_revisit	16	110	200	70.29	4063232	17.6
p2_after_raw_scrub_revisit	16	110	200	162.697	4063232	121.3
p2_after_raw_scrub_revisit	16	110	200	60.124	4063232	17.1
p2_after_raw_scrub_revisit	16	110	200	57.05	4063232	18.8
p2_after_raw_scrub_revisit	16	110	200	68.672	4063232	6.3
p2_after_raw_scrub_revisit	16	110	200	72.316	4063232	6.3
p2_after_raw_scrub_revisit	16	110	200	76.424	4063232	7.1
p2_after_raw_scrub_revisit	16	110	200	86.487	4063232	12.6
p2_after_raw_scrub_revisit	16	110	200	81.498	4063232	11.8
p2_after_raw_scrub_revisit	16	110	200	86.734	4063232	13.3
p2_after_raw_scrub_revisit	16	110	200	80.23	4063232	12.8
p2_after_raw_scrub_revisit	16	110	200	89.989	4063232	14.0
p2_after_raw_scrub_revisit	16	110	200	91.867	4063232	14.0
p2_after_raw_scrub_revisit	16	110	200	145.141	4063232	16.6
p2_after_raw_scrub_revisit	16	110	200	137.182	4063232	11.2
p2_after_raw_scrub_revisit	16	110	200	142.201	4063232	20.2
p2_after_raw_scrub_revisit	16	110	200	153.166	4063232	24.2
p2_after_raw_scrub_revisit	16	110	200	145.027	4063232	14.5
p2_after_raw_scrub_revisit	16	110	200	150.63	4063232	15.4
p2_after_raw_scrub_revisit	16	110	200	149.87	4063232	18.1
p2_after_raw_scrub_revisit	16	110	200	126.653	4063232	12.1
p2_after_raw_scrub_revisit	16	110	200	125.712	4063232	9.0
p2_after_raw_scrub_revisit	16	110	200	120.062	4063232	7.6
p2_after_raw_scrub_revisit	16	110	200	116.119	4063232	10.1
p2_after_raw_scrub_revisit	16	110	200	92.973	4063232	8.9
p2_after_raw_scrub_revisit	16	110	200	158.901	4063232	10.5
p2_after_raw_scrub_revisit	16	110	200	102.291	4063232	10.1
p2_after_raw_scrub_revisit	16	110	200	153.436	4063232	11.7
p2_after_raw_scrub_revisit	16	110	200	161.119	4063232	12.3
p2_after_raw_scrub_revisit	16	110	200	196.564	4063232	8.7
p2_after_raw_scrub_revisit	16	110	200	108.595	4063232	13.7
p2_after_raw_scrub_revisit	16	110	200	172.695	4063232	16.2
p2_after_raw_scrub_revisit	16	110	200	112.321	4063232	12.7
p2_after_raw_scrub_revisit	16	110	200	108.8	4063232	7.5
p2_after_raw_scrub_revisit	16	110	200	106.164	4063232	8.1
p2_after_raw_scrub_revisit	16	110	200	116.296	4063232	53.7
p2_after_raw_scrub_revisit	16	110	200	128.884	4063232	54.3
p2_after_raw_scrub_revisit	16	110	200	115.149	4063232	49.6
p2_after_raw_scrub_revisit	16	110	200	113.548	4063232	6.5
p2_after_raw_scrub_revisit	16	110	200	112.141	4063232	7.6
p2_after_raw_scrub_revisit	16	110	200	70.866	4063232	9.6
p2_after_raw_scrub_revisit	16	110	200	71.857	4063232	12.1
p2_after_raw_scrub_revisit	16	110	200	68.552	4063232	10.4
p2_after_raw_scrub_revisit	16	110	200	74.232	4063232	11.5
p2_after_raw_scrub_revisit	16	110	200	79.614	4063232	12.2
p2_after_raw_scrub_revisit	16	110	200	68.867	4063232	12.0
p2_after_raw_scrub_revisit	16	110	200	90.328	4063232	13.9
p2_after_raw_scrub_revisit	16	110	200	89.54	4063232	15.1
p2_after_raw_scrub_revisit	16	110	200	87.855	4063232	16.4
p2_after_raw_scrub_revisit	16	110	200	73.736	4063232	12.8
p2_after_raw_scrub_revisit	16	110	200	64.627	4063232	12.9
p2_after_raw_scrub_revisit	16	110	200	73.406	4063232	30.2
p2_after_raw_scrub_revisit	16	160	200	41.842	4063232	25.1
p2_after_raw_scrub_revisit	16	160	200	51.485	4063232	27.4
p2_after_raw_scrub_revisit	16	160	200	55.423	4063232	30.1
p2_after_raw_scrub_revisit	16	160	200	54.079	4063232	27.8
p2_after_raw_scrub_revisit	16	160	200	85.129	4063232	41.3
p2_after_raw_scrub_revisit	16	160	200	146.474	4063232	73.1
p2_after_raw_scrub_revisit	16	160	200	95.617	4063232	29.6
p2_after_raw_scrub_revisit	16	160	200	139.084	4063232	53.7
p2_after_raw_scrub_revisit	16	160	200	102.62	4063232	30.0
p2_after_raw_scrub_revisit	16	160	200	159.203	4063232	74.8
p2_after_raw_scrub_revisit	16	160	200	98.469	4063232	20.2
p2_after_raw_scrub_revisit	16	160	200	138.723	4063232	40.1
p2_after_raw_scrub_revisit	16	160	200	136.129	4063232	35.6
p2_after_raw_scrub_revisit	16	160	200	113.793	4063232	33.8
p2_after_raw_scrub_revisit	16	160	200	121.908	4063232	36.6
p2_after_raw_scrub_revisit	16	160	200	114.358	4063232	35.1
p2_after_raw_scrub_revisit	16	160	200	88.823	4063232	57.0
p2_after_raw_scrub_revisit	16	160	200	93.691	4063232	9.3
p2_after_raw_scrub_revisit	16	160	200	158.631	4063232	9.5
p2_after_raw_scrub_revisit	16	160	200	158.761	4063232	13.1
p2_after_raw_scrub_revisit	16	160	200	166.991	4063232	9.5
p2_after_raw_scrub_revisit	16	160	200	111.763	4063232	13.2
p2_after_raw_scrub_revisit	16	160	200	109.576	4063232	12.6
p2_after_raw_scrub_revisit	16	160	200	116.782	4063232	13.3
p2_after_raw_scrub_revisit	16	160	200	119.396	4063232	77.4
p2_after_raw_scrub_revisit	16	160	200	129.329	4063232	78.3
p2_after_raw_scrub_revisit	16	160	200	139.341	4063232	79.9
p2_after_raw_scrub_revisit	16	160	200	129.647	4063232	75.8
p2_after_raw_scrub_revisit	16	160	200	123.808	4063232	75.2
p2_after_raw_scrub_revisit	16	160	200	129.058	4063232	75.8
p2_after_raw_scrub_revisit	16	160	200	125.604	4063232	75.9
p2_after_raw_scrub_revisit	16	160	200	122.75	4063232	10.6
p2_after_raw_scrub_revisit	16	160	200	159.166	4063232	72.4
p2_after_raw_scrub_revisit	16	160	200	139.212	4063232	15.0
p2_after_raw_scrub_revisit	16	160	200	91.048	4063232	6.2
p2_after_raw_scrub_revisit	16	160	200	90.833	4063232	9.5
p2_after_raw_scrub_revisit	16	160	200	92.399	4063232	10.8
p2_after_raw_scrub_revisit	16	160	200	83.387	4063232	9.7
p2_after_raw_scrub_revisit	16	160	200	92.463	4063232	10.5
p2_after_raw_scrub_revisit	16	160	200	82.568	4063232	8.7
p2_after_raw_scrub_revisit	16	160	200	92.678	4063232	13.6
p2_after_raw_scrub_revisit	16	160	200	82.162	4063232	10.0
p2_after_raw_scrub_revisit	16	160	200	73.428	4063232	16.2
p2_after_raw_scrub_revisit	16	160	200	80.865	4063232	17.8
p2_after_raw_scrub_revisit	16	160	200	83.997	4063232	20.2
p2_after_raw_scrub_revisit	16	160	200	85.08	4063232	16.9
p2_after_raw_scrub_revisit	16	160	200	81.105	4063232	8.2
p2_after_raw_scrub_revisit	16	160	200	89.075	4063232	21.7
p2_after_raw_scrub_revisit	16	160	200	61.887	4063232	7.0
p2_after_raw_scrub_revisit	16	160	200	46.157	4063232	8.0
p2_after_raw_scrub_revisit	16	160	200	77.039	4063232	20.4
p2_after_raw_scrub_revisit	16	160	200	46.256	4063232	9.2
p2_after_raw_scrub_revisit	16	160	200	52.109	4063232	15.4
p2_after_raw_scrub_revisit	16	160	200	60.38	4063232	12.5
p2_after_raw_scrub_revisit	16	160	200	58.84	4063232	16.3
p2_after_raw_scrub_revisit	16	160	200	54.469	4063232	11.3
p2_after_raw_scrub_revisit	16	160	200	62.348	4063232	13.9
p2_after_raw_scrub_revisit	16	160	200	48.7	4063232	10.7
p2_after_raw_scrub_revisit	16	160	200	65.138	4063232	16.5
p2_after_raw_scrub_revisit	16	160	200	60.351	4063232	23.7
p2_after_raw_scrub_revisit	16	160	200	70.426	4063232	28.2
p2_after_raw_scrub_revisit	16	160	200	50.569	4063232	20.7
p2_after_raw_scrub_revisit	16	160	200	56.544	4063232	22.5
p2_after_raw_scrub_revisit	16	160	200	50.843	4063232	20.2
