p2_after_derived_scrub_cold	16	10	200	127.663	4063232	78.0
p2_after_derived_scrub_cold	16	10	200	131.278	4063232	72.9
p2_after_derived_scrub_cold	16	10	200	134.386	4063232	76.3
p2_after_derived_scrub_cold	16	10	200	136.007	4063232	77.7
p2_after_derived_scrub_cold	16	10	200	137.323	4063232	74.3
p2_after_derived_scrub_cold	16	10	200	139.105	4063232	80.9
p2_after_derived_scrub_cold	16	10	200	140.596	4063232	79.0
p2_after_derived_scrub_cold	16	10	200	142.129	4063232	79.7
p2_after_derived_scrub_cold	16	10	200	143.862	4063232	82.3
p2_after_derived_scrub_cold	16	10	200	145.212	4063232	77.3
p2_after_derived_scrub_cold	16	10	200	147.132	4063232	82.2
p2_after_derived_scrub_cold	16	10	200	147.278	4063232	75.9
p2_after_derived_scrub_cold	16	10	200	148.629	4063232	81.0
p2_after_derived_scrub_cold	16	10	200	150.288	4063232	80.9
p2_after_derived_scrub_cold	16	10	200	151.978	4063232	80.3
p2_after_derived_scrub_cold	16	10	200	153.524	4063232	81.4
p2_after_derived_scrub_cold	16	10	200	46.274	4063232	11.0
p2_after_derived_scrub_cold	16	10	200	45.508	4063232	11.5
p2_after_derived_scrub_cold	16	10	200	48.53	4063232	12.1
p2_after_derived_scrub_cold	16	10	200	49.31	4063232	12.7
p2_after_derived_scrub_cold	16	10	200	44.622	4063232	12.1
p2_after_derived_scrub_cold	16	10	200	62.63	4063232	15.3
p2_after_derived_scrub_cold	16	10	200	43.913	4063232	11.4
p2_after_derived_scrub_cold	16	10	200	47.373	4063232	12.6
p2_after_derived_scrub_cold	16	10	200	54.153	4063232	14.0
p2_after_derived_scrub_cold	16	10	200	59.219	4063232	15.1
p2_after_derived_scrub_cold	16	10	200	56.344	4063232	14.0
p2_after_derived_scrub_cold	16	10	200	57.787	4063232	15.7
p2_after_derived_scrub_cold	16	10	200	64.5	4063232	20.1
p2_after_derived_scrub_cold	16	10	200	60.964	4063232	21.5
p2_after_derived_scrub_cold	16	10	200	78.923	4063232	25.9
p2_after_derived_scrub_cold	16	10	200	94.063	4063232	28.3
p2_after_derived_scrub_cold	16	10	200	53.45	4063232	23.5
p2_after_derived_scrub_cold	16	10	200	72.327	4063232	66.6
p2_after_derived_scrub_cold	16	10	200	53.118	4063232	10.4
p2_after_derived_scrub_cold	16	10	200	67.231	4063232	31.8
p2_after_derived_scrub_cold	16	10	200	77.294	4063232	40.4
p2_after_derived_scrub_cold	16	10	200	55.366	4063232	11.3
p2_after_derived_scrub_cold	16	10	200	54.586	4063232	13.6
p2_after_derived_scrub_cold	16	10	200	62.96	4063232	9.9
p2_after_derived_scrub_cold	16	10	200	72.172	4063232	19.7
p2_after_derived_scrub_cold	16	10	200	73.221	4063232	20.9
p2_after_derived_scrub_cold	16	10	200	64.367	4063232	19.1
p2_after_derived_scrub_cold	16	10	200	59.357	4063232	19.5
p2_after_derived_scrub_cold	16	10	200	83.884	4063232	23.9
p2_after_derived_scrub_cold	16	10	200	60.711	4063232	19.5
p2_after_derived_scrub_cold	16	10	200	82.672	4063232	22.9
p2_after_derived_scrub_cold	16	10	200	51.432	4063232	22.4
p2_after_derived_scrub_cold	16	10	200	44.827	4063232	9.6
p2_after_derived_scrub_cold	16	10	200	43.077	4063232	5.5
p2_after_derived_scrub_cold	16	10	200	40.395	4063232	7.9
p2_after_derived_scrub_cold	16	10	200	56.365	4063232	10.3
p2_after_derived_scrub_cold	16	10	200	55.088	4063232	9.8
p2_after_derived_scrub_cold	16	10	200	64.869	4063232	13.3
p2_after_derived_scrub_cold	16	10	200	61.257	4063232	20.9
p2_after_derived_scrub_cold	16	10	200	51.738	4063232	16.9
p2_after_derived_scrub_cold	16	10	200	56.395	4063232	17.8
p2_after_derived_scrub_cold	16	10	200	59.794	4063232	18.7
p2_after_derived_scrub_cold	16	10	200	58.477	4063232	18.1
p2_after_derived_scrub_cold	16	10	200	67.86	4063232	19.5
p2_after_derived_scrub_cold	16	10	200	76.995	4063232	8.8
p2_after_derived_scrub_cold	16	10	200	58.67	4063232	16.9
p2_after_derived_scrub_cold	16	10	200	55.935	4063232	15.9
p2_after_derived_scrub_cold	16	10	200	62.573	4063232	18.3
p2_after_derived_scrub_cold	16	60	200	66.318	4063232	18.5
p2_after_derived_scrub_cold	16	60	200	113.019	4063232	13.3
p2_after_derived_scrub_cold	16	60	200	122.395	4063232	23.5
p2_after_derived_scrub_cold	16	60	200	96.613	4063232	6.2
p2_after_derived_scrub_cold	16	60	200	101.253	4063232	57.6
p2_after_derived_scrub_cold	16	60	200	103.894	4063232	58.2
p2_after_derived_scrub_cold	16	60	200	116.755	4063232	65.3
p2_after_derived_scrub_cold	16	60	200	109.896	4063232	10.0
p2_after_derived_scrub_cold	16	60	200	131.336	4063232	68.4
p2_after_derived_scrub_cold	16	60	200	123.35	4063232	67.0
p2_after_derived_scrub_cold	16	60	200	139.791	4063232	8.3
p2_after_derived_scrub_cold	16	60	200	112.958	4063232	8.2
p2_after_derived_scrub_cold	16	60	200	121.714	4063232	12.4
p2_after_derived_scrub_cold	16	60	200	125.396	4063232	16.7
p2_after_derived_scrub_cold	16	60	200	111.02	4063232	11.8
p2_after_derived_scrub_cold	16	60	200	140.938	4063232	24.7
p2_after_derived_scrub_cold	16	60	200	128.7	4063232	8.7
p2_after_derived_scrub_cold	16	60	200	218.823	4063232	85.8
p2_after_derived_scrub_cold	16	60	200	141.694	4063232	9.8
p2_after_derived_scrub_cold	16	60	200	143.973	4063232	58.1
p2_after_derived_scrub_cold	16	60	200	146.158	4063232	10.1
p2_after_derived_scrub_cold	16	60	200	139.476	4063232	9.4
p2_after_derived_scrub_cold	16	60	200	136.55	4063232	9.9
p2_after_derived_scrub_cold	16	60	200	143.563	4063232	10.8
p2_after_derived_scrub_cold	16	60	200	147.357	4063232	11.4
p2_after_derived_scrub_cold	16	60	200	144.323	4063232	10.8
p2_after_derived_scrub_cold	16	60	200	176.399	4063232	9.0
p2_after_derived_scrub_cold	16	60	200	164.926	4063232	15.1
p2_after_derived_scrub_cold	16	60	200	164.265	4063232	19.7
p2_after_derived_scrub_cold	16	60	200	150.441	4063232	21.1
p2_after_derived_scrub_cold	16	60	200	150.159	4063232	15.5
p2_after_derived_scrub_cold	16	60	200	145.096	4063232	5.7
p2_after_derived_scrub_cold	16	60	200	77.723	4063232	20.2
p2_after_derived_scrub_cold	16	60	200	89.814	4063232	22.9
p2_after_derived_scrub_cold	16	60	200	89.763	4063232	22.6
p2_after_derived_scrub_cold	16	60	200	82.455	4063232	6.8
p2_after_derived_scrub_cold	16	60	200	80.689	4063232	15.7
p2_after_derived_scrub_cold	16	60	200	75.692	4063232	12.0
p2_after_derived_scrub_cold	16	60	200	93.233	4063232	18.5
p2_after_derived_scrub_cold	16	60	200	90.4	4063232	20.2
p2_after_derived_scrub_cold	16	60	200	84.519	4063232	20.5
p2_after_derived_scrub_cold	16	60	200	72.313	4063232	11.0
p2_after_derived_scrub_cold	16	60	200	80.763	4063232	12.4
p2_after_derived_scrub_cold	16	60	200	71.127	4063232	11.2
p2_after_derived_scrub_cold	16	60	200	83.94	4063232	13.8
p2_after_derived_scrub_cold	16	60	200	82.137	4063232	14.5
p2_after_derived_scrub_cold	16	60	200	72.27	4063232	11.8
p2_after_derived_scrub_cold	16	60	200	74.717	4063232	11.3
p2_after_derived_scrub_cold	16	60	200	67.01	4063232	13.7
p2_after_derived_scrub_cold	16	60	200	79.681	4063232	14.9
p2_after_derived_scrub_cold	16	60	200	78.793	4063232	19.0
p2_after_derived_scrub_cold	16	60	200	48.624	4063232	8.4
p2_after_derived_scrub_cold	16	60	200	49.257	4063232	10.7
p2_after_derived_scrub_cold	16	60	200	66.796	4063232	9.8
p2_after_derived_scrub_cold	16	60	200	54.019	4063232	7.7
p2_after_derived_scrub_cold	16	60	200	48.681	4063232	11.5
p2_after_derived_scrub_cold	16	60	200	48.478	4063232	11.9
p2_after_derived_scrub_cold	16	60	200	44.876	4063232	11.9
p2_after_derived_scrub_cold	16	60	200	55.383	4063232	16.2
p2_after_derived_scrub_cold	16	60	200	50.591	4063232	13.9
p2_after_derived_scrub_cold	16	60	200	47.572	4063232	13.2
p2_after_derived_scrub_cold	16	60	200	50.975	4063232	14.7
p2_after_derived_scrub_cold	16	60	200	53.005	4063232	14.2
p2_after_derived_scrub_cold	16	60	200	68.694	4063232	16.1
p2_after_derived_scrub_cold	16	110	200	56.665	4063232	38.3
p2_after_derived_scrub_cold	16	110	200	69.022	4063232	42.8
p2_after_derived_scrub_cold	16	110	200	65.718	4063232	42.8
p2_after_derived_scrub_cold	16	110	200	44.224	4063232	9.9
p2_after_derived_scrub_cold	16	110	200	53.321	4063232	30.2
p2_after_derived_scrub_cold	16	110	200	46.94	4063232	12.0
p2_after_derived_scrub_cold	16	110	200	46.375	4063232	10.6
p2_after_derived_scrub_cold	16	110	200	55.69	4063232	21.0
p2_after_derived_scrub_cold	16	110	200	48.91	4063232	11.6
p2_after_derived_scrub_cold	16	110	200	48.89	4063232	11.8
p2_after_derived_scrub_cold	16	110	200	58.826	4063232	15.5
p2_after_derived_scrub_cold	16	110	200	114.456	4063232	22.9
p2_after_derived_scrub_cold	16	110	200	116.969	4063232	26.4
p2_after_derived_scrub_cold	16	110	200	92.331	4063232	13.4
p2_after_derived_scrub_cold	16	110	200	120.977	4063232	26.7
p2_after_derived_scrub_cold	16	110	200	100.722	4063232	17.9
p2_after_derived_scrub_cold	16	110	200	92.88	4063232	8.7
p2_after_derived_scrub_cold	16	110	200	91.951	4063232	10.5
p2_after_derived_scrub_cold	16	110	200	99.416	4063232	11.1
p2_after_derived_scrub_cold	16	110	200	103.106	4063232	53.8
p2_after_derived_scrub_cold	16	110	200	107.338	4063232	6.5
p2_after_derived_scrub_cold	16	110	200	110.01	4063232	7.5
p2_after_derived_scrub_cold	16	110	200	110.437	4063232	6.7
p2_after_derived_scrub_cold	16	110	200	112.749	4063232	10.0
p2_after_derived_scrub_cold	16	110	200	114.768	4063232	11.9
p2_after_derived_scrub_cold	16	110	200	116.815	4063232	8.1
p2_after_derived_scrub_cold	16	110	200	116.968	4063232	12.2
p2_after_derived_scrub_cold	16	110	200	170.569	4063232	13.7
p2_after_derived_scrub_cold	16	110	200	123.732	4063232	9.8
p2_after_derived_scrub_cold	16	110	200	131.19	4063232	11.7
p2_after_derived_scrub_cold	16	110	200	131.574	4063232	10.9
p2_after_derived_scrub_cold	16	110	200	133.564	4063232	11.1
p2_after_derived_scrub_cold	16	110	200	144.182	4063232	79.9
p2_after_derived_scrub_cold	16	110	200	128.134	4063232	66.1
p2_after_derived_scrub_cold	16	110	200	143.324	4063232	77.0
p2_after_derived_scrub_cold	16	110	200	138.132	4063232	68.8
p2_after_derived_scrub_cold	16	110	200	112.507	4063232	12.4
p2_after_derived_scrub_cold	16	110	200	123.197	4063232	13.4
p2_after_derived_scrub_cold	16	110	200	129.547	4063232	29.3
p2_after_derived_scrub_cold	16	110	200	123.535	4063232	14.7
p2_after_derived_scrub_cold	16	110	200	117.184	4063232	14.0
p2_after_derived_scrub_cold	16	110	200	139.357	4063232	93.4
p2_after_derived_scrub_cold	16	110	200	67.989	4063232	16.3
p2_after_derived_scrub_cold	16	110	200	64.527	4063232	11.0
p2_after_derived_scrub_cold	16	110	200	63.974	4063232	9.4
p2_after_derived_scrub_cold	16	110	200	68.683	4063232	10.4
p2_after_derived_scrub_cold	16	110	200	72.032	4063232	12.8
p2_after_derived_scrub_cold	16	110	200	52.829	4063232	8.0
p2_after_derived_scrub_cold	16	110	200	75.42	4063232	8.0
p2_after_derived_scrub_cold	16	110	200	65.887	4063232	10.7
p2_after_derived_scrub_cold	16	110	200	70.848	4063232	10.7
p2_after_derived_scrub_cold	16	110	200	72.141	4063232	13.7
p2_after_derived_scrub_cold	16	110	200	69.397	4063232	10.3
p2_after_derived_scrub_cold	16	110	200	71.332	4063232	10.3
p2_after_derived_scrub_cold	16	110	200	73.161	4063232	11.3
p2_after_derived_scrub_cold	16	110	200	74.997	4063232	6.0
p2_after_derived_scrub_cold	16	110	200	77.726	4063232	18.1
p2_after_derived_scrub_cold	16	110	200	81.001	4063232	18.6
p2_after_derived_scrub_cold	16	110	200	80.608	4063232	17.9
p2_after_derived_scrub_cold	16	110	200	84.418	4063232	19.2
p2_after_derived_scrub_cold	16	110	200	81.92	4063232	20.1
p2_after_derived_scrub_cold	16	110	200	79.629	4063232	6.4
p2_after_derived_scrub_cold	16	110	200	77.871	4063232	5.6
p2_after_derived_scrub_cold	16	110	200	76.728	4063232	10.2
p2_after_derived_scrub_cold	16	160	200	84.614	4063232	31.1
p2_after_derived_scrub_cold	16	160	200	74.872	4063232	13.7
p2_after_derived_scrub_cold	16	160	200	102.758	4063232	68.0
p2_after_derived_scrub_cold	16	160	200	87.849	4063232	15.9
p2_after_derived_scrub_cold	16	160	200	72.571	4063232	16.3
p2_after_derived_scrub_cold	16	160	200	72.317	4063232	17.9
p2_after_derived_scrub_cold	16	160	200	98.175	4063232	33.8
p2_after_derived_scrub_cold	16	160	200	74.893	4063232	16.9
p2_after_derived_scrub_cold	16	160	200	98.371	4063232	31.9
p2_after_derived_scrub_cold	16	160	200	79.016	4063232	18.2
p2_after_derived_scrub_cold	16	160	200	110.086	4063232	36.4
p2_after_derived_scrub_cold	16	160	200	71.911	4063232	17.7
p2_after_derived_scrub_cold	16	160	200	95.831	4063232	22.2
p2_after_derived_scrub_cold	16	160	200	83.606	4063232	21.6
p2_after_derived_scrub_cold	16	160	200	114.628	4063232	36.5
p2_after_derived_scrub_cold	16	160	200	80.658	4063232	7.9
p2_after_derived_scrub_cold	16	160	200	71.461	4063232	6.2
p2_after_derived_scrub_cold	16	160	200	74.151	4063232	8.0
p2_after_derived_scrub_cold	16	160	200	110.217	4063232	7.2
p2_after_derived_scrub_cold	16	160	200	124.232	4063232	9.7
p2_after_derived_scrub_cold	16	160	200	122.153	4063232	10.3
p2_after_derived_scrub_cold	16	160	200	114.272	4063232	10.5
p2_after_derived_scrub_cold	16	160	200	115.278	4063232	60.0
p2_after_derived_scrub_cold	16	160	200	115.393	4063232	59.5
p2_after_derived_scrub_cold	16	160	200	115.132	4063232	60.3
p2_after_derived_scrub_cold	16	160	200	115.251	4063232	59.5
p2_after_derived_scrub_cold	16	160	200	106.612	4063232	59.7
p2_after_derived_scrub_cold	16	160	200	113.045	4063232	60.1
p2_after_derived_scrub_cold	16	160	200	120.013	4063232	61.1
p2_after_derived_scrub_cold	16	160	200	112.726	4063232	58.0
p2_after_derived_scrub_cold	16	160	200	174.377	4063232	59.8
p2_after_derived_scrub_cold	16	160	200	122.369	4063232	19.2
p2_after_derived_scrub_cold	16	160	200	182.136	4063232	31.9
p2_after_derived_scrub_cold	16	160	200	182.361	4063232	30.9
p2_after_derived_scrub_cold	16	160	200	216.099	4063232	62.4
p2_after_derived_scrub_cold	16	160	200	131.747	4063232	18.9
p2_after_derived_scrub_cold	16	160	200	150.77	4063232	92.6
p2_after_derived_scrub_cold	16	160	200	149.493	4063232	30.6
p2_after_derived_scrub_cold	16	160	200	128.182	4063232	18.6
p2_after_derived_scrub_cold	16	160	200	141.037	4063232	19.8
p2_after_derived_scrub_cold	16	160	200	153.527	4063232	24.2
p2_after_derived_scrub_cold	16	160	200	161.234	4063232	30.4
p2_after_derived_scrub_cold	16	160	200	148.818	4063232	24.3
p2_after_derived_scrub_cold	16	160	200	144.881	4063232	18.1
p2_after_derived_scrub_cold	16	160	200	85.59	4063232	11.1
p2_after_derived_scrub_cold	16	160	200	168.553	4063232	32.6
p2_after_derived_scrub_cold	16	160	200	146.456	4063232	15.8
p2_after_derived_scrub_cold	16	160	200	71.702	4063232	10.7
p2_after_derived_scrub_cold	16	160	200	70.526	4063232	10.3
p2_after_derived_scrub_cold	16	160	200	69.673	4063232	15.8
p2_after_derived_scrub_cold	16	160	200	72.969	4063232	17.8
p2_after_derived_scrub_cold	16	160	200	73.792	4063232	11.6
p2_after_derived_scrub_cold	16	160	200	61.788	4063232	5.7
p2_after_derived_scrub_cold	16	160	200	62.831	4063232	8.9
p2_after_derived_scrub_cold	16	160	200	71.962	4063232	9.4
p2_after_derived_scrub_cold	16	160	200	62.646	4063232	7.5
p2_after_derived_scrub_cold	16	160	200	62.81	4063232	8.9
p2_after_derived_scrub_cold	16	160	200	75.299	4063232	9.7
p2_after_derived_scrub_cold	16	160	200	59.099	4063232	10.4
p2_after_derived_scrub_cold	16	160	200	58.031	4063232	10.5
p2_after_derived_scrub_cold	16	160	200	63.829	4063232	11.0
p2_after_derived_scrub_cold	16	160	200	76.153	4063232	14.1
p2_after_derived_scrub_cold	16	160	200	83.927	4063232	15.3
p2_after_derived_scrub_cold	16	160	200	79.872	4063232	13.6
