p2_after_raw_flat_c4	4	5	200	563.105	65011712	390.4
p2_after_raw_flat_c4	4	5	200	607.979	65011712	402.2
p2_after_raw_flat_c4	4	5	200	726.221	65011712	406.4
p2_after_raw_flat_c4	4	5	200	732.539	65011712	390.3
p2_after_raw_flat_c4	4	25	200	309.08	65011712	61.4
p2_after_raw_flat_c4	4	25	200	256.762	65011712	105.0
p2_after_raw_flat_c4	4	25	200	337.226	65011712	111.6
p2_after_raw_flat_c4	4	25	200	463.156	65011712	105.6
p2_after_raw_flat_c4	4	45	200	347.535	65011712	109.4
p2_after_raw_flat_c4	4	45	200	246.773	65011712	219.9
p2_after_raw_flat_c4	4	45	200	394.657	65011712	240.4
p2_after_raw_flat_c4	4	45	200	365.145	65011712	254.7
p2_after_raw_flat_c4	4	65	200	320.314	65011712	101.0
p2_after_raw_flat_c4	4	65	200	369.448	65011712	182.9
p2_after_raw_flat_c4	4	85	200	182.926	65011712	157.3
p2_after_raw_flat_c4	4	65	200	414.696	65011712	268.8
p2_after_raw_flat_c4	4	65	200	419.143	65011712	202.3
p2_after_raw_flat_c4	4	85	200	254.376	65011712	153.0
p2_after_raw_flat_c4	4	105	200	251.757	65011712	54.9
p2_after_raw_flat_c4	4	85	200	425.049	65011712	269.7
p2_after_raw_flat_c4	4	85	200	402.072	65011712	270.2
p2_after_raw_flat_c4	4	105	200	303.344	65011712	193.4
p2_after_raw_flat_c4	4	105	200	297.857	65011712	146.8
p2_after_raw_flat_c4	4	125	200	335.248	65011712	160.6
p2_after_raw_flat_c4	4	105	200	412.568	65011712	176.3
p2_after_raw_flat_c4	4	125	200	377.103	65011712	280.8
p2_after_raw_flat_c4	4	125	200	282	65011712	192.6
p2_after_raw_flat_c4	4	145	200	235.62	65011712	55.4
p2_after_raw_flat_c4	4	125	200	425.228	65011712	226.4
p2_after_raw_flat_c4	4	145	200	403.892	65011712	197.3
p2_after_raw_flat_c4	4	145	200	348.287	65011712	214.6
p2_after_raw_flat_c4	4	145	200	528.046	65011712	305.3
