p2_before_raw_scrub_1	16	10	200	467.187	4063232	433.6
p2_before_raw_scrub_1	16	10	200	471.129	4063232	451.9
p2_before_raw_scrub_1	16	10	200	473.392	4063232	453.3
p2_before_raw_scrub_1	16	10	200	475.049	4063232	453.8
p2_before_raw_scrub_1	16	10	200	477.658	4063232	455.6
p2_before_raw_scrub_1	16	10	200	480.8	4063232	455.5
p2_before_raw_scrub_1	16	10	200	483.237	4063232	454.5
p2_before_raw_scrub_1	16	10	200	492.884	4063232	435.5
p2_before_raw_scrub_1	16	10	200	494.57	4063232	434.9
p2_before_raw_scrub_1	16	10	200	497.465	4063232	436.5
p2_before_raw_scrub_1	16	10	200	501.1	4063232	434.6
p2_before_raw_scrub_1	16	10	200	505.363	4063232	434.3
p2_before_raw_scrub_1	16	10	200	510.251	4063232	455.7
p2_before_raw_scrub_1	16	10	200	514.14	4063232	435.4
p2_before_raw_scrub_1	16	10	200	526.808	4063232	455.5
p2_before_raw_scrub_1	16	10	200	530.06	4063232	456.2
p2_before_raw_scrub_1	16	10	200	357.72	4063232	298.5
p2_before_raw_scrub_1	16	10	200	380.657	4063232	301.5
p2_before_raw_scrub_1	16	10	200	380.024	4063232	317.2
p2_before_raw_scrub_1	16	10	200	399.32	4063232	319.4
p2_before_raw_scrub_1	16	10	200	365.966	4063232	308.9
p2_before_raw_scrub_1	16	10	200	352.42	4063232	310.9
p2_before_raw_scrub_1	16	10	200	388.814	4063232	325.2
p2_before_raw_scrub_1	16	10	200	408.461	4063232	363.5
p2_before_raw_scrub_1	16	10	200	452.663	4063232	382.1
p2_before_raw_scrub_1	16	10	200	408.236	4063232	374.3
p2_before_raw_scrub_1	16	10	200	466.131	4063232	409.0
p2_before_raw_scrub_1	16	10	200	454.744	4063232	415.8
p2_before_raw_scrub_1	16	10	200	472.562	4063232	431.2
p2_before_raw_scrub_1	16	10	200	540.121	4063232	432.0
p2_before_raw_scrub_1	16	10	200	568.7	4063232	434.2
p2_before_raw_scrub_1	16	10	200	546.759	4063232	437.9
p2_before_raw_scrub_1	16	10	200	351.589	4063232	317.0
p2_before_raw_scrub_1	16	10	200	348.748	4063232	324.5
p2_before_raw_scrub_1	16	10	200	354.635	4063232	343.3
p2_before_raw_scrub_1	16	10	200	374.024	4063232	350.7
p2_before_raw_scrub_1	16	10	200	322.138	4063232	315.3
p2_before_raw_scrub_1	16	10	200	328.41	4063232	313.9
p2_before_raw_scrub_1	16	10	200	419.249	4063232	394.6
p2_before_raw_scrub_1	16	10	200	421.425	4063232	406.8
p2_before_raw_scrub_1	16	10	200	394.747	4063232	369.7
p2_before_raw_scrub_1	16	10	200	451.741	4063232	426.0
p2_before_raw_scrub_1	16	10	200	429.272	4063232	404.8
p2_before_raw_scrub_1	16	10	200	361.651	4063232	266.3
p2_before_raw_scrub_1	16	10	200	297.292	4063232	279.3
p2_before_raw_scrub_1	16	10	200	445.167	4063232	379.6
p2_before_raw_scrub_1	16	10	200	516.112	4063232	438.4
p2_before_raw_scrub_1	16	10	200	451.13	4063232	432.1
p2_before_raw_scrub_1	16	10	200	381.349	4063232	375.5
p2_before_raw_scrub_1	16	10	200	394.891	4063232	388.6
p2_before_raw_scrub_1	16	10	200	313.03	4063232	309.8
p2_before_raw_scrub_1	16	10	200	366.524	4063232	356.6
p2_before_raw_scrub_1	16	10	200	360.835	4063232	343.6
p2_before_raw_scrub_1	16	10	200	413.314	4063232	392.4
p2_before_raw_scrub_1	16	10	200	401.373	4063232	394.1
p2_before_raw_scrub_1	16	10	200	348.814	4063232	304.1
p2_before_raw_scrub_1	16	10	200	330.497	4063232	304.0
p2_before_raw_scrub_1	16	10	200	347.309	4063232	318.1
p2_before_raw_scrub_1	16	10	200	457.218	4063232	389.8
p2_before_raw_scrub_1	16	10	200	411.003	4063232	392.8
p2_before_raw_scrub_1	16	10	200	461.325	4063232	455.3
p2_before_raw_scrub_1	16	10	200	375.635	4063232	364.3
p2_before_raw_scrub_1	16	10	200	406.838	4063232	396.2
p2_before_raw_scrub_1	16	10	200	414.445	4063232	398.7
p2_before_raw_scrub_1	16	60	200	269.154	4063232	263.2
p2_before_raw_scrub_1	16	60	200	384.72	4063232	346.5
p2_before_raw_scrub_1	16	60	200	416.913	4063232	393.4
p2_before_raw_scrub_1	16	60	200	367.365	4063232	275.2
p2_before_raw_scrub_1	16	60	200	307.165	4063232	275.7
p2_before_raw_scrub_1	16	60	200	488.087	4063232	443.0
p2_before_raw_scrub_1	16	60	200	413.567	4063232	341.2
p2_before_raw_scrub_1	16	60	200	426.841	4063232	367.9
p2_before_raw_scrub_1	16	60	200	474.462	4063232	429.2
p2_before_raw_scrub_1	16	60	200	319.877	4063232	221.7
p2_before_raw_scrub_1	16	60	200	506.7	4063232	390.0
p2_before_raw_scrub_1	16	60	200	475.289	4063232	355.3
p2_before_raw_scrub_1	16	60	200	465.468	4063232	304.6
p2_before_raw_scrub_1	16	60	200	332.397	4063232	266.3
p2_before_raw_scrub_1	16	60	200	320.006	4063232	253.0
p2_before_raw_scrub_1	16	60	200	335.286	4063232	320.6
p2_before_raw_scrub_1	16	60	200	361.987	4063232	304.7
p2_before_raw_scrub_1	16	60	200	284.592	4063232	211.4
p2_before_raw_scrub_1	16	60	200	214.292	4063232	207.5
p2_before_raw_scrub_1	16	60	200	312.896	4063232	223.6
p2_before_raw_scrub_1	16	60	200	380.844	4063232	229.7
p2_before_raw_scrub_1	16	60	200	409.294	4063232	300.0
p2_before_raw_scrub_1	16	60	200	398.645	4063232	303.2
p2_before_raw_scrub_1	16	60	200	317.219	4063232	245.7
p2_before_raw_scrub_1	16	60	200	487.197	4063232	432.4
p2_before_raw_scrub_1	16	60	200	535.219	4063232	377.9
p2_before_raw_scrub_1	16	60	200	505.89	4063232	384.1
p2_before_raw_scrub_1	16	60	200	449.462	4063232	366.5
p2_before_raw_scrub_1	16	60	200	561.907	4063232	451.6
p2_before_raw_scrub_1	16	60	200	553.925	4063232	449.8
p2_before_raw_scrub_1	16	60	200	483.808	4063232	400.8
p2_before_raw_scrub_1	16	60	200	388.848	4063232	377.7
p2_before_raw_scrub_1	16	60	200	338.356	4063232	332.2
p2_before_raw_scrub_1	16	60	200	329.019	4063232	309.0
p2_before_raw_scrub_1	16	60	200	338.939	4063232	281.9
p2_before_raw_scrub_1	16	60	200	434.512	4063232	379.7
p2_before_raw_scrub_1	16	60	200	405.276	4063232	342.7
p2_before_raw_scrub_1	16	60	200	415.803	4063232	351.9
p2_before_raw_scrub_1	16	60	200	500.958	4063232	470.9
p2_before_raw_scrub_1	16	60	200	334.13	4063232	321.1
p2_before_raw_scrub_1	16	60	200	362.885	4063232	330.3
p2_before_raw_scrub_1	16	60	200	429.619	4063232	355.5
p2_before_raw_scrub_1	16	60	200	368.113	4063232	339.0
p2_before_raw_scrub_1	16	60	200	401.077	4063232	395.4
p2_before_raw_scrub_1	16	60	200	359.543	4063232	338.8
p2_before_raw_scrub_1	16	60	200	478.32	4063232	411.4
p2_before_raw_scrub_1	16	60	200	377.346	4063232	365.3
p2_before_raw_scrub_1	16	60	200	404.747	4063232	398.6
p2_before_raw_scrub_1	16	60	200	349.509	4063232	343.0
p2_before_raw_scrub_1	16	60	200	330.302	4063232	325.2
p2_before_raw_scrub_1	16	60	200	396.912	4063232	391.9
p2_before_raw_scrub_1	16	60	200	314.998	4063232	259.6
p2_before_raw_scrub_1	16	60	200	353.281	4063232	321.2
p2_before_raw_scrub_1	16	60	200	337.365	4063232	312.3
p2_before_raw_scrub_1	16	60	200	445.419	4063232	441.0
p2_before_raw_scrub_1	16	60	200	452.403	4063232	442.0
p2_before_raw_scrub_1	16	60	200	337.014	4063232	315.2
p2_before_raw_scrub_1	16	60	200	363.044	4063232	328.6
p2_before_raw_scrub_1	16	60	200	475.604	4063232	401.2
p2_before_raw_scrub_1	16	60	200	374.954	4063232	341.9
p2_before_raw_scrub_1	16	60	200	419.528	4063232	407.6
p2_before_raw_scrub_1	16	60	200	350.381	4063232	334.0
p2_before_raw_scrub_1	16	60	200	425.551	4063232	413.1
p2_before_raw_scrub_1	16	60	200	458.174	4063232	399.0
p2_before_raw_scrub_1	16	110	200	331.35	4063232	327.4
p2_before_raw_scrub_1	16	110	200	434.74	4063232	419.7
p2_before_raw_scrub_1	16	110	200	558.139	4063232	541.7
p2_before_raw_scrub_1	16	110	200	519.443	4063232	501.4
p2_before_raw_scrub_1	16	110	200	385.987	4063232	364.9
p2_before_raw_scrub_1	16	110	200	358.573	4063232	343.1
p2_before_raw_scrub_1	16	110	200	397.164	4063232	377.2
p2_before_raw_scrub_1	16	110	200	341.876	4063232	312.4
p2_before_raw_scrub_1	16	110	200	363.916	4063232	325.8
p2_before_raw_scrub_1	16	110	200	395.683	4063232	366.8
p2_before_raw_scrub_1	16	110	200	355.002	4063232	336.4
p2_before_raw_scrub_1	16	110	200	397.636	4063232	368.0
p2_before_raw_scrub_1	16	110	200	371.688	4063232	356.9
p2_before_raw_scrub_1	16	110	200	333.135	4063232	273.6
p2_before_raw_scrub_1	16	110	200	476.26	4063232	416.6
p2_before_raw_scrub_1	16	110	200	476.202	4063232	473.4
p2_before_raw_scrub_1	16	110	200	328.321	4063232	311.6
p2_before_raw_scrub_1	16	110	200	364.2	4063232	351.6
p2_before_raw_scrub_1	16	110	200	381.896	4063232	360.5
p2_before_raw_scrub_1	16	110	200	317.759	4063232	293.9
p2_before_raw_scrub_1	16	110	200	337.217	4063232	315.0
p2_before_raw_scrub_1	16	110	200	442.047	4063232	411.6
p2_before_raw_scrub_1	16	110	200	441.131	4063232	416.5
p2_before_raw_scrub_1	16	110	200	284.052	4063232	259.7
p2_before_raw_scrub_1	16	110	200	402.672	4063232	368.3
p2_before_raw_scrub_1	16	110	200	430.772	4063232	401.1
p2_before_raw_scrub_1	16	110	200	363.781	4063232	265.9
p2_before_raw_scrub_1	16	110	200	375.888	4063232	343.7
p2_before_raw_scrub_1	16	110	200	474.888	4063232	408.5
p2_before_raw_scrub_1	16	110	200	440.832	4063232	430.4
p2_before_raw_scrub_1	16	110	200	351.623	4063232	301.4
p2_before_raw_scrub_1	16	110	200	364.211	4063232	360.2
p2_before_raw_scrub_1	16	110	200	336.353	4063232	322.8
p2_before_raw_scrub_1	16	110	200	329.285	4063232	325.8
p2_before_raw_scrub_1	16	110	200	323.153	4063232	290.1
p2_before_raw_scrub_1	16	110	200	363.313	4063232	351.3
p2_before_raw_scrub_1	16	110	200	396.244	4063232	389.8
p2_before_raw_scrub_1	16	110	200	356.982	4063232	323.1
p2_before_raw_scrub_1	16	110	200	373.667	4063232	347.0
p2_before_raw_scrub_1	16	110	200	346.91	4063232	286.6
p2_before_raw_scrub_1	16	110	200	300.959	4063232	284.8
p2_before_raw_scrub_1	16	110	200	249.221	4063232	246.1
p2_before_raw_scrub_1	16	110	200	360.511	4063232	307.8
p2_before_raw_scrub_1	16	110	200	466.42	4063232	435.4
p2_before_raw_scrub_1	16	110	200	506.654	4063232	433.8
p2_before_raw_scrub_1	16	110	200	533.509	4063232	440.4
p2_before_raw_scrub_1	16	110	200	502.276	4063232	436.0
p2_before_raw_scrub_1	16	110	200	398.328	4063232	392.3
p2_before_raw_scrub_1	16	110	200	380.255	4063232	374.0
p2_before_raw_scrub_1	16	110	200	310.16	4063232	303.3
p2_before_raw_scrub_1	16	110	200	379.012	4063232	361.4
p2_before_raw_scrub_1	16	110	200	334.887	4063232	328.7
p2_before_raw_scrub_1	16	110	200	322.145	4063232	305.8
p2_before_raw_scrub_1	16	110	200	330.268	4063232	324.6
p2_before_raw_scrub_1	16	110	200	356.43	4063232	340.3
p2_before_raw_scrub_1	16	110	200	226.009	4063232	216.7
p2_before_raw_scrub_1	16	110	200	236.425	4063232	217.9
p2_before_raw_scrub_1	16	110	200	416.103	4063232	393.4
p2_before_raw_scrub_1	16	110	200	369.814	4063232	342.9
p2_before_raw_scrub_1	16	110	200	445.596	4063232	379.4
p2_before_raw_scrub_1	16	110	200	297.822	4063232	238.8
p2_before_raw_scrub_1	16	110	200	374.481	4063232	366.5
p2_before_raw_scrub_1	16	110	200	429.769	4063232	426.6
p2_before_raw_scrub_1	16	110	200	386.651	4063232	382.1
p2_before_raw_scrub_1	16	160	200	332.552	4063232	319.8
p2_before_raw_scrub_1	16	160	200	420.941	4063232	401.5
p2_before_raw_scrub_1	16	160	200	401.38	4063232	394.9
p2_before_raw_scrub_1	16	160	200	393.535	4063232	384.9
p2_before_raw_scrub_1	16	160	200	433.183	4063232	396.0
p2_before_raw_scrub_1	16	160	200	327.884	4063232	291.8
p2_before_raw_scrub_1	16	160	200	318.711	4063232	302.0
p2_before_raw_scrub_1	16	160	200	272.689	4063232	251.2
p2_before_raw_scrub_1	16	160	200	380.625	4063232	366.4
p2_before_raw_scrub_1	16	160	200	371.837	4063232	360.3
p2_before_raw_scrub_1	16	160	200	271.642	4063232	209.8
p2_before_raw_scrub_1	16	160	200	346.802	4063232	331.8
p2_before_raw_scrub_1	16	160	200	485.061	4063232	421.7
p2_before_raw_scrub_1	16	160	200	492.002	4063232	422.6
p2_before_raw_scrub_1	16	160	200	424.414	4063232	415.5
p2_before_raw_scrub_1	16	160	200	332.207	4063232	317.2
p2_before_raw_scrub_1	16	160	200	321.061	4063232	290.8
p2_before_raw_scrub_1	16	160	200	325.139	4063232	290.4
p2_before_raw_scrub_1	16	160	200	340.534	4063232	309.6
p2_before_raw_scrub_1	16	160	200	354.218	4063232	346.5
p2_before_raw_scrub_1	16	160	200	354.605	4063232	331.7
p2_before_raw_scrub_1	16	160	200	401.989	4063232	377.3
p2_before_raw_scrub_1	16	160	200	267.951	4063232	255.5
p2_before_raw_scrub_1	16	160	200	355.892	4063232	336.0
p2_before_raw_scrub_1	16	160	200	393.373	4063232	381.8
p2_before_raw_scrub_1	16	160	200	273.042	4063232	212.9
p2_before_raw_scrub_1	16	160	200	436.051	4063232	371.2
p2_before_raw_scrub_1	16	160	200	374.373	4063232	350.3
p2_before_raw_scrub_1	16	160	200	341.564	4063232	278.8
p2_before_raw_scrub_1	16	160	200	490.812	4063232	379.3
p2_before_raw_scrub_1	16	160	200	353.826	4063232	345.1
p2_before_raw_scrub_1	16	160	200	343.598	4063232	337.2
p2_before_raw_scrub_1	16	160	200	308.199	4063232	293.8
p2_before_raw_scrub_1	16	160	200	305.619	4063232	299.3
p2_before_raw_scrub_1	16	160	200	293.213	4063232	287.0
p2_before_raw_scrub_1	16	160	200	373.754	4063232	359.4
p2_before_raw_scrub_1	16	160	200	305.677	4063232	287.1
p2_before_raw_scrub_1	16	160	200	309.479	4063232	279.6
p2_before_raw_scrub_1	16	160	200	351.892	4063232	341.7
p2_before_raw_scrub_1	16	160	200	267.05	4063232	237.9
p2_before_raw_scrub_1	16	160	200	351.223	4063232	282.2
p2_before_raw_scrub_1	16	160	200	341.656	4063232	277.8
p2_before_raw_scrub_1	16	160	200	420.267	4063232	405.0
p2_before_raw_scrub_1	16	160	200	285.296	4063232	271.4
p2_before_raw_scrub_1	16	160	200	340.202	4063232	334.4
p2_before_raw_scrub_1	16	160	200	414.769	4063232	354.7
p2_before_raw_scrub_1	16	160	200	366.697	4063232	357.5
p2_before_raw_scrub_1	16	160	200	294.83	4063232	288.5
p2_before_raw_scrub_1	16	160	200	300.13	4063232	274.5
p2_before_raw_scrub_1	16	160	200	371.204	4063232	365.0
p2_before_raw_scrub_1	16	160	200	358.062	4063232	352.0
p2_before_raw_scrub_1	16	160	200	295.857	4063232	284.5
p2_before_raw_scrub_1	16	160	200	286.693	4063232	272.7
p2_before_raw_scrub_1	16	160	200	324.162	4063232	318.7
p2_before_raw_scrub_1	16	160	200	341.96	4063232	336.1
p2_before_raw_scrub_1	16	160	200	289.046	4063232	230.0
p2_before_raw_scrub_1	16	160	200	233.237	4063232	219.6
p2_before_raw_scrub_1	16	160	200	238.732	4063232	219.7
p2_before_raw_scrub_1	16	160	200	334.867	4063232	328.4
p2_before_raw_scrub_1	16	160	200	189.196	4063232	179.8
p2_before_raw_scrub_1	16	160	200	210.917	4063232	202.1
p2_before_raw_scrub_1	16	160	200	286.447	4063232	275.0
p2_before_raw_scrub_1	16	160	200	219.104	4063232	206.5
p2_before_raw_scrub_1	16	160	200	218.175	4063232	214.5
