p2_before_derived_scrub	16	10	200	92.507	4063232	78.6
p2_before_derived_scrub	16	10	200	98.033	4063232	82.4
p2_before_derived_scrub	16	10	200	102.635	4063232	81.0
p2_before_derived_scrub	16	10	200	108.287	4063232	82.4
p2_before_derived_scrub	16	10	200	112.923	4063232	79.3
p2_before_derived_scrub	16	10	200	118.192	4063232	83.1
p2_before_derived_scrub	16	10	200	124.24	4063232	80.0
p2_before_derived_scrub	16	10	200	128.549	4063232	82.4
p2_before_derived_scrub	16	10	200	185.41	4063232	113.4
p2_before_derived_scrub	16	10	200	189.823	4063232	114.6
p2_before_derived_scrub	16	10	200	194.22	4063232	113.8
p2_before_derived_scrub	16	10	200	199.118	4063232	98.4
p2_before_derived_scrub	16	10	200	203.941	4063232	110.1
p2_before_derived_scrub	16	10	200	208.056	4063232	111.0
p2_before_derived_scrub	16	10	200	212.105	4063232	114.3
p2_before_derived_scrub	16	10	200	215.885	4063232	111.7
p2_before_derived_scrub	16	10	200	171	4063232	72.1
p2_before_derived_scrub	16	10	200	147.172	4063232	20.8
p2_before_derived_scrub	16	10	200	164.251	4063232	22.4
p2_before_derived_scrub	16	10	200	155.435	4063232	22.9
p2_before_derived_scrub	16	10	200	172.188	4063232	73.8
p2_before_derived_scrub	16	10	200	164.139	4063232	27.4
p2_before_derived_scrub	16	10	200	164.25	4063232	66.9
p2_before_derived_scrub	16	10	200	109.04	4063232	67.7
p2_before_derived_scrub	16	10	200	105.18	4063232	69.8
p2_before_derived_scrub	16	10	200	105.377	4063232	75.3
p2_before_derived_scrub	16	10	200	119.387	4063232	77.0
p2_before_derived_scrub	16	10	200	195.342	4063232	78.8
p2_before_derived_scrub	16	10	200	123.212	4063232	25.2
p2_before_derived_scrub	16	10	200	115.54	4063232	23.4
p2_before_derived_scrub	16	10	200	122.753	4063232	36.0
p2_before_derived_scrub	16	10	200	72.903	4063232	50.0
p2_before_derived_scrub	16	10	200	81.031	4063232	50.9
p2_before_derived_scrub	16	10	200	80.435	4063232	49.5
p2_before_derived_scrub	16	10	200	85.466	4063232	50.4
p2_before_derived_scrub	16	10	200	144.401	4063232	54.5
p2_before_derived_scrub	16	10	200	82.862	4063232	58.0
p2_before_derived_scrub	16	10	200	68.196	4063232	33.6
p2_before_derived_scrub	16	10	200	88.366	4063232	58.5
p2_before_derived_scrub	16	10	200	66.511	4063232	33.8
p2_before_derived_scrub	16	10	200	72.041	4063232	20.8
p2_before_derived_scrub	16	10	200	73.336	4063232	26.9
p2_before_derived_scrub	16	10	200	71.032	4063232	36.5
p2_before_derived_scrub	16	10	200	58.531	4063232	33.7
p2_before_derived_scrub	16	10	200	52.597	4063232	26.7
p2_before_derived_scrub	16	10	200	57.162	4063232	27.5
p2_before_derived_scrub	16	10	200	70.01	4063232	37.6
p2_before_derived_scrub	16	10	200	95.922	4063232	20.9
p2_before_derived_scrub	16	10	200	106.941	4063232	32.3
p2_before_derived_scrub	16	10	200	105.088	4063232	23.4
p2_before_derived_scrub	16	10	200	119.593	4063232	38.5
p2_before_derived_scrub	16	10	200	105.186	4063232	80.9
p2_before_derived_scrub	16	10	200	108.5	4063232	83.0
p2_before_derived_scrub	16	10	200	122.783	4063232	93.7
p2_before_derived_scrub	16	10	200	118.061	4063232	94.1
p2_before_derived_scrub	16	10	200	87.69	4063232	73.9
p2_before_derived_scrub	16	10	200	91.585	4063232	74.5
p2_before_derived_scrub	16	10	200	159.091	4063232	82.3
p2_before_derived_scrub	16	10	200	145.326	4063232	80.5
p2_before_derived_scrub	16	10	200	159.293	4063232	85.9
p2_before_derived_scrub	16	10	200	154.75	4063232	84.3
p2_before_derived_scrub	16	10	200	142.919	4063232	70.7
p2_before_derived_scrub	16	10	200	140.695	4063232	68.3
p2_before_derived_scrub	16	10	200	85.534	4063232	66.9
p2_before_derived_scrub	16	60	200	113.271	4063232	52.1
p2_before_derived_scrub	16	60	200	37.055	4063232	31.4
p2_before_derived_scrub	16	60	200	106.957	4063232	37.2
p2_before_derived_scrub	16	60	200	49.524	4063232	32.5
p2_before_derived_scrub	16	60	200	126.131	4063232	103.7
p2_before_derived_scrub	16	60	200	48.625	4063232	32.0
p2_before_derived_scrub	16	60	200	64.984	4063232	36.8
p2_before_derived_scrub	16	60	200	127.337	4063232	98.5
p2_before_derived_scrub	16	60	200	130.701	4063232	103.4
p2_before_derived_scrub	16	60	200	126.806	4063232	52.0
p2_before_derived_scrub	16	60	200	136.039	4063232	39.7
p2_before_derived_scrub	16	60	200	136.333	4063232	39.4
p2_before_derived_scrub	16	60	200	82.399	4063232	39.9
p2_before_derived_scrub	16	60	200	135.871	4063232	40.5
p2_before_derived_scrub	16	60	200	79.805	4063232	37.2
p2_before_derived_scrub	16	60	200	76.717	4063232	37.6
p2_before_derived_scrub	16	60	200	61.361	4063232	24.7
p2_before_derived_scrub	16	60	200	64.008	4063232	23.9
p2_before_derived_scrub	16	60	200	78.593	4063232	23.0
p2_before_derived_scrub	16	60	200	81.922	4063232	23.9
p2_before_derived_scrub	16	60	200	86.792	4063232	25.5
p2_before_derived_scrub	16	60	200	80.839	4063232	24.5
p2_before_derived_scrub	16	60	200	68.151	4063232	24.3
p2_before_derived_scrub	16	60	200	98.05	4063232	33.6
p2_before_derived_scrub	16	60	200	68.69	4063232	25.1
p2_before_derived_scrub	16	60	200	67.155	4063232	46.2
p2_before_derived_scrub	16	60	200	72.455	4063232	48.2
p2_before_derived_scrub	16	60	200	105.185	4063232	52.8
p2_before_derived_scrub	16	60	200	95.023	4063232	50.7
p2_before_derived_scrub	16	60	200	100.41	4063232	52.3
p2_before_derived_scrub	16	60	200	85.586	4063232	51.3
p2_before_derived_scrub	16	60	200	76.059	4063232	51.9
p2_before_derived_scrub	16	60	200	90.414	4063232	73.5
p2_before_derived_scrub	16	60	200	105.14	4063232	87.3
p2_before_derived_scrub	16	60	200	134.813	4063232	127.0
p2_before_derived_scrub	16	60	200	127.889	4063232	87.7
p2_before_derived_scrub	16	60	200	162.504	4063232	87.2
p2_before_derived_scrub	16	60	200	150.58	4063232	78.9
p2_before_derived_scrub	16	60	200	149.558	4063232	80.1
p2_before_derived_scrub	16	60	200	150.175	4063232	34.4
p2_before_derived_scrub	16	60	200	151.514	4063232	93.7
p2_before_derived_scrub	16	60	200	163.823	4063232	143.0
p2_before_derived_scrub	16	60	200	173.909	4063232	154.3
p2_before_derived_scrub	16	60	200	153.908	4063232	93.3
p2_before_derived_scrub	16	60	200	153.735	4063232	93.0
p2_before_derived_scrub	16	60	200	177.135	4063232	146.9
p2_before_derived_scrub	16	60	200	160.986	4063232	93.5
p2_before_derived_scrub	16	60	200	176.436	4063232	143.4
p2_before_derived_scrub	16	60	200	93.401	4063232	25.7
p2_before_derived_scrub	16	60	200	36.705	4063232	21.0
p2_before_derived_scrub	16	60	200	37.433	4063232	20.8
p2_before_derived_scrub	16	60	200	104.63	4063232	27.8
p2_before_derived_scrub	16	60	200	106.217	4063232	24.3
p2_before_derived_scrub	16	60	200	108.731	4063232	22.6
p2_before_derived_scrub	16	60	200	56.488	4063232	24.1
p2_before_derived_scrub	16	60	200	70.939	4063232	19.1
p2_before_derived_scrub	16	60	200	68.737	4063232	20.3
p2_before_derived_scrub	16	60	200	74.412	4063232	21.1
p2_before_derived_scrub	16	60	200	69.204	4063232	24.9
p2_before_derived_scrub	16	60	200	74.642	4063232	25.7
p2_before_derived_scrub	16	60	200	70.035	4063232	26.5
p2_before_derived_scrub	16	60	200	84.827	4063232	31.2
p2_before_derived_scrub	16	60	200	75.306	4063232	28.6
p2_before_derived_scrub	16	60	200	82.663	4063232	29.5
p2_before_derived_scrub	16	110	200	89.765	4063232	61.4
p2_before_derived_scrub	16	110	200	98.061	4063232	61.9
p2_before_derived_scrub	16	110	200	89.345	4063232	35.5
p2_before_derived_scrub	16	110	200	105.201	4063232	43.7
p2_before_derived_scrub	16	110	200	66.394	4063232	22.2
p2_before_derived_scrub	16	110	200	73.684	4063232	29.1
p2_before_derived_scrub	16	110	200	93.416	4063232	29.5
p2_before_derived_scrub	16	110	200	54.571	4063232	26.3
p2_before_derived_scrub	16	110	200	105.628	4063232	39.5
p2_before_derived_scrub	16	110	200	65.218	4063232	27.1
p2_before_derived_scrub	16	110	200	63.078	4063232	26.9
p2_before_derived_scrub	16	110	200	67.053	4063232	31.5
p2_before_derived_scrub	16	110	200	107.951	4063232	34.9
p2_before_derived_scrub	16	110	200	76.977	4063232	44.6
p2_before_derived_scrub	16	110	200	80.733	4063232	45.3
p2_before_derived_scrub	16	110	200	78.13	4063232	44.5
p2_before_derived_scrub	16	110	200	94.023	4063232	21.9
p2_before_derived_scrub	16	110	200	100.619	4063232	70.7
p2_before_derived_scrub	16	110	200	106.602	4063232	75.5
p2_before_derived_scrub	16	110	200	93.579	4063232	70.0
p2_before_derived_scrub	16	110	200	132.622	4063232	69.1
p2_before_derived_scrub	16	110	200	145.075	4063232	71.0
p2_before_derived_scrub	16	110	200	140.508	4063232	127.0
p2_before_derived_scrub	16	110	200	143.18	4063232	81.3
p2_before_derived_scrub	16	110	200	164.86	4063232	131.0
p2_before_derived_scrub	16	110	200	155.981	4063232	132.0
p2_before_derived_scrub	16	110	200	176.184	4063232	135.0
p2_before_derived_scrub	16	110	200	176.062	4063232	135.1
p2_before_derived_scrub	16	110	200	174.066	4063232	134.1
p2_before_derived_scrub	16	110	200	182.702	4063232	134.8
p2_before_derived_scrub	16	110	200	179.835	4063232	134.4
p2_before_derived_scrub	16	110	200	186.06	4063232	137.1
p2_before_derived_scrub	16	110	200	109.772	4063232	73.9
p2_before_derived_scrub	16	110	200	126.624	4063232	90.0
p2_before_derived_scrub	16	110	200	113.44	4063232	79.2
p2_before_derived_scrub	16	110	200	118.109	4063232	25.3
p2_before_derived_scrub	16	110	200	63.218	4063232	20.8
p2_before_derived_scrub	16	110	200	73.384	4063232	35.4
p2_before_derived_scrub	16	110	200	69.366	4063232	16.8
p2_before_derived_scrub	16	110	200	76.217	4063232	25.3
p2_before_derived_scrub	16	110	200	69.431	4063232	36.1
p2_before_derived_scrub	16	110	200	59.272	4063232	27.6
p2_before_derived_scrub	16	110	200	77.873	4063232	40.0
p2_before_derived_scrub	16	110	200	72.336	4063232	39.5
p2_before_derived_scrub	16	110	200	53.012	4063232	30.3
p2_before_derived_scrub	16	110	200	78.188	4063232	41.8
p2_before_derived_scrub	16	110	200	72.416	4063232	37.7
p2_before_derived_scrub	16	110	200	54.97	4063232	32.1
p2_before_derived_scrub	16	110	200	72.729	4063232	36.9
p2_before_derived_scrub	16	110	200	58.537	4063232	30.9
p2_before_derived_scrub	16	110	200	86.047	4063232	38.1
p2_before_derived_scrub	16	110	200	55.166	4063232	21.6
p2_before_derived_scrub	16	110	200	92.065	4063232	40.8
p2_before_derived_scrub	16	110	200	98.227	4063232	42.4
p2_before_derived_scrub	16	110	200	57.564	4063232	20.6
p2_before_derived_scrub	16	110	200	80.523	4063232	39.1
p2_before_derived_scrub	16	110	200	59.058	4063232	21.1
p2_before_derived_scrub	16	110	200	56.133	4063232	20.7
p2_before_derived_scrub	16	110	200	70.8	4063232	27.4
p2_before_derived_scrub	16	110	200	69.846	4063232	25.6
p2_before_derived_scrub	16	110	200	64.369	4063232	16.8
p2_before_derived_scrub	16	110	200	68.424	4063232	26.1
p2_before_derived_scrub	16	110	200	69.928	4063232	24.8
p2_before_derived_scrub	16	110	200	71.232	4063232	17.2
p2_before_derived_scrub	16	160	200	100.304	4063232	72.6
p2_before_derived_scrub	16	160	200	121.707	4063232	79.8
p2_before_derived_scrub	16	160	200	137.19	4063232	95.0
p2_before_derived_scrub	16	160	200	130.166	4063232	84.7
p2_before_derived_scrub	16	160	200	136.057	4063232	90.0
p2_before_derived_scrub	16	160	200	108.433	4063232	70.3
p2_before_derived_scrub	16	160	200	146.063	4063232	21.7
p2_before_derived_scrub	16	160	200	153.033	4063232	77.0
p2_before_derived_scrub	16	160	200	168.059	4063232	143.8
p2_before_derived_scrub	16	160	200	182.241	4063232	144.6
p2_before_derived_scrub	16	160	200	139.957	4063232	79.1
p2_before_derived_scrub	16	160	200	152.242	4063232	79.6
p2_before_derived_scrub	16	160	200	172.97	4063232	138.4
p2_before_derived_scrub	16	160	200	178.289	4063232	144.4
p2_before_derived_scrub	16	160	200	150.206	4063232	79.4
p2_before_derived_scrub	16	160	200	142.675	4063232	80.2
p2_before_derived_scrub	16	160	200	78.074	4063232	21.4
p2_before_derived_scrub	16	160	200	79.951	4063232	23.5
p2_before_derived_scrub	16	160	200	87.062	4063232	73.8
p2_before_derived_scrub	16	160	200	32.095	4063232	23.5
p2_before_derived_scrub	16	160	200	91.938	4063232	76.4
p2_before_derived_scrub	16	160	200	83.381	4063232	25.6
p2_before_derived_scrub	16	160	200	91.151	4063232	76.0
p2_before_derived_scrub	16	160	200	46.247	4063232	31.4
p2_before_derived_scrub	16	160	200	37.58	4063232	28.4
p2_before_derived_scrub	16	160	200	44.205	4063232	30.1
p2_before_derived_scrub	16	160	200	44.205	4063232	29.7
p2_before_derived_scrub	16	160	200	41.769	4063232	29.0
p2_before_derived_scrub	16	160	200	52.317	4063232	36.3
p2_before_derived_scrub	16	160	200	42.693	4063232	35.4
p2_before_derived_scrub	16	160	200	46.879	4063232	37.3
p2_before_derived_scrub	16	160	200	53.344	4063232	39.2
p2_before_derived_scrub	16	160	200	31.815	4063232	25.0
p2_before_derived_scrub	16	160	200	36.26	4063232	27.1
p2_before_derived_scrub	16	160	200	28.83	4063232	20.4
p2_before_derived_scrub	16	160	200	38.009	4063232	19.8
p2_before_derived_scrub	16	160	200	78.332	4063232	59.4
p2_before_derived_scrub	16	160	200	53.81	4063232	29.4
p2_before_derived_scrub	16	160	200	57.355	4063232	29.7
p2_before_derived_scrub	16	160	200	77.309	4063232	48.2
p2_before_derived_scrub	16	160	200	80.741	4063232	48.4
p2_before_derived_scrub	16	160	200	84.134	4063232	48.7
p2_before_derived_scrub	16	160	200	77.906	4063232	37.5
p2_before_derived_scrub	16	160	200	82.954	4063232	48.0
p2_before_derived_scrub	16	160	200	83.052	4063232	37.8
p2_before_derived_scrub	16	160	200	72.122	4063232	32.1
p2_before_derived_scrub	16	160	200	63.416	4063232	38.1
p2_before_derived_scrub	16	160	200	68.189	4063232	38.6
p2_before_derived_scrub	16	160	200	103.964	4063232	68.5
p2_before_derived_scrub	16	160	200	90.693	4063232	65.3
p2_before_derived_scrub	16	160	200	87.191	4063232	65.1
p2_before_derived_scrub	16	160	200	90.889	4063232	66.2
p2_before_derived_scrub	16	160	200	87.286	4063232	66.1
p2_before_derived_scrub	16	160	200	81.421	4063232	65.3
p2_before_derived_scrub	16	160	200	100.975	4063232	75.3
p2_before_derived_scrub	16	160	200	115.132	4063232	76.9
p2_before_derived_scrub	16	160	200	115.261	4063232	76.9
p2_before_derived_scrub	16	160	200	134.274	4063232	69.5
p2_before_derived_scrub	16	160	200	144.073	4063232	71.3
p2_before_derived_scrub	16	160	200	152.866	4063232	73.4
p2_before_derived_scrub	16	160	200	159.861	4063232	75.6
p2_before_derived_scrub	16	160	200	143.146	4063232	76.2
p2_before_derived_scrub	16	160	200	153.817	4063232	78.3
p2_before_derived_scrub	16	160	200	153.572	4063232	128.8
